Team,Win,Loss,Tie,Win_Loss,Points_For,Points_Allowed,Point_Differential,Margin_of_Victory,Strength_of_Schedule,SRS,Off_SRS,Def_SRS,Year,Games_Missed,C,CB,DE,DT,FS,G,ILB,K,LB,LS,LT,OLB,P,QB,RB,RT,S,SS,T,TE,WR,OL,FB,WLB,KR,O_Line
New England Patriots,12,4,0,0.75,468,313,155,9.7,1.3,10.9,7.5,3.5,2014,0,0.01612483170643975,0.11687429585164395,0.008122253480811564,0.09488937450199832,0.045104818251590906,0.07094163007122684,0.06251122118372474,0.028290262500581066,0.0,0.005590557889634564,0.02023073150965566,0.07494925843628283,0.003688901333957347,0.11623802551358813,0.030002016946820174,0.044146210151564634,0.012076227129593433,0.021999662065369626,0.003723489902267268,0.11308362402074373,0.10709461267340033,0.0,0.004317994879105137,0.0,0.0,0.15516689334115413
Buffalo Bills,9,7,0,0.563,343,289,54,3.4,1.6,4.9,-0.4,5.3,2014,0,0.04132673848038733,0.06774408238298209,0.17656322546784922,0.0994482237753942,0.024226767440699917,0.043619004438301634,0.03409906512427441,0.024616604260138498,0.0,0.008356759903705775,0.014055901596419456,0.05585055530739202,0.002843893216684959,0.09227859292559895,0.07838675688308491,0.03288286064781044,0.0007364735466808482,0.04215983668469221,0.0,0.0230517791023549,0.134329318907211,0.0,0.0034235599083372588,0.0,0.0,0.13188450516291886
Miami Dolphins,8,8,0,0.5,388,373,15,0.9,1.6,2.6,2.9,-0.4,2014,0,0.03494196151712756,0.08555118191653818,0.1452608966313935,0.03272990302591541,0.03223974465434583,0.042751285207380314,0.03193404324049592,0.0037284495385024085,0.0,0.0068448293767174335,0.030012074324873284,0.1335182110057591,0.025173499539134885,0.06327646520015254,0.0398985516917301,0.034531146944054965,4.889930994692129e-05,0.032884771899881676,3.509855724011003e-05,0.021590568618949972,0.20302501408189216,0.0,2.3403717967705368e-05,0.0,0.0,0.14227156655067622
New York Jets,4,12,0,0.25,283,401,-118,-7.4,2.3,-5.0,-4.0,-1.0,2014,0,0.06694149907050646,0.13148937969494537,0.036448481759624105,0.04311852589343501,0.01921669013165852,0.0317671808178208,0.07875860067338322,0.03041951194022458,0.0,0.006717642220132928,0.09886341380572988,0.06405739979386049,0.004182682891780879,0.08694264081618795,0.053323182116869164,0.03001665620376287,0.015421002580808293,0.002203395098068028,0.0,0.028893373476047937,0.1642544388025075,0.0,0.00696430221264601,0.0,0.0,0.22758874989782002
Pittsburgh Steelers,11,5,0,0.688,436,368,68,4.3,-2.0,2.2,4.4,-2.1,2014,0,0.04608595255965421,0.10261870755451971,0.03426733331591734,0.038364731127035555,0.02124453951043174,0.06609506268800686,0.12367604402979615,0.013357570521890398,0.0,0.0048200935330055565,0.014849510730570285,0.14100821365916438,0.0031957144336192673,0.16169143205714007,0.023410337889541902,0.02139334853011816,0.049221036885940074,0.012309419962600774,0.0,0.059694812140151314,0.05837624372339129,0.0,0.004319895147504979,0.0,0.0,0.1484238745083495
Cincinnati Bengals,10,5,1,0.656,365,344,21,1.3,-0.6,0.7,-0.5,1.3,2014,0,0.01748708023516671,0.1361634365273201,0.10654675659919195,0.13227610874824833,0.0386280295038133,0.09152600738629955,0.05697261655697354,0.010634895513898738,0.0,0.005773228993259314,0.047097394418694406,0.053970218433613285,0.017636204259333387,0.08358361673684,0.03233562770062726,0.008452060420609206,0.0015585211485000445,0.011007010507930055,0.0,0.06026942656992822,0.08403550104357951,0.0,0.004046258696173053,0.0,0.0,0.16456254246076987
Baltimore Ravens,10,6,0,0.625,409,302,107,6.7,-2.1,4.6,1.8,2.8,2014,0,0.020556564866899836,0.10031706417410276,0.04329064755184206,0.13872923030253234,0.014878031357576345,0.08340033067826523,0.05603077809656107,0.0045647246726251535,0.0,0.009111070322226317,0.0338342197708316,0.10428622841786163,0.022427213062608323,0.12496490367389863,0.06654964954926948,0.015275979249562466,0.02216127380483896,0.024330086612847763,0.004376561916646205,0.03885390334411729,0.06249767159000252,0.0,0.009563866984884034,0.0,0.0,0.15744365648220535
Cleveland Browns,7,9,0,0.438,299,337,-38,-2.4,-1.5,-3.9,-4.8,0.9,2014,0,0.07942395553410622,0.1361797465124648,0.04600460967801958,0.08906825606452834,0.00786920566310432,0.029625509856950026,0.08583927467592721,0.005665813306518803,0.0,0.004992606639405759,0.102549545826081,0.10402622387122762,0.0036558017862380466,0.05296191066647305,0.07364922149073198,0.016963710532167015,0.007192092088627802,0.03140050132785368,0.0,0.0347381228059004,0.08419544894183888,0.0,0.003998442731835476,0.0,0.0,0.22856272174930428
Indianapolis Colts,11,5,0,0.688,458,369,89,5.6,-1.1,4.4,5.2,-0.8,2014,0,0.02149260906078924,0.10785761064764218,0.060142457826232044,0.10156416490594165,0.03556244648003349,0.0604162320875089,0.051459474317047664,0.01822306239040856,0.0024489593826023063,0.004606953294004339,0.02646954111617313,0.13985801741737092,0.023843003890022457,0.07914061990242134,0.0356800935188888,0.04417736831607961,0.04360646981446207,0.010331973740592531,0.0,0.023789878444405804,0.10550815337381617,0.0,0.0038209100735567985,0.0,0.0,0.15255575058055088
Houston Texans,9,7,0,0.563,372,307,65,4.1,-2.3,1.7,-0.8,2.5,2014,0,0.06336902290892028,0.14305390714986976,0.06734115595255899,0.012529379352905544,0.022910889336909896,0.019603454354845055,0.059342862179296005,0.0047092618297382375,0.0,0.006011280593082523,0.07424348440799151,0.05640621434411283,0.015777636827500337,0.11703660005392771,0.07482527791693235,0.021130588476462573,0.03589224125774636,0.0043500390613959595,0.0,0.04730017882300709,0.15083678691974425,0.0,0.0033297382530527156,0.0,0.0,0.1783465501482194
Jacksonville Jaguars,3,13,0,0.188,249,412,-163,-10.2,-0.3,-10.5,-7.8,-2.7,2014,0,0.012748561989393547,0.04187308288539603,0.19922003105422023,0.06008001401160174,0.013441664392010754,0.11677944114200685,0.006528514044585609,0.03241491110991489,0.027867147461658172,0.0038381809242656545,0.016832531154271028,0.12366138028427494,0.005964521684333122,0.08904675266685118,0.044989140869312876,0.012947904984235942,0.0,0.02493133573569819,0.004412298348095877,0.0847291097296334,0.06817322968178799,0.0,0.009520245846451987,0.0,0.0,0.16372073761800324
Tennessee Titans,2,14,0,0.125,254,438,-184,-11.5,-0.3,-11.8,-7.0,-4.9,2014,1,0.024884258851087623,0.08639342547171253,0.03421049352456926,0.09264356114796411,0.06855424561848975,0.09575782582578346,0.04970339310141609,0.01048053883358,0.0,0.004519278958601992,0.07208749423498383,0.08491742459241286,0.011515338175751,0.05420681802062749,0.08615523870987461,0.0297915503377506,0.03940046182824582,0.003969183759915142,0.0,0.06587277348903676,0.07953864196790714,0.0,0.0053980535502899454,0.0,0.0,0.22252112924960551
Denver Broncos,12,4,0,0.75,482,354,128,8.0,1.6,9.6,9.2,0.4,2014,0,0.015205283424751507,0.12340459589449874,0.03115070752351519,0.045662557211002715,0.015578250746189933,0.10171928737350037,0.0275514467066674,0.010572698229693141,0.0,0.004274313687368658,0.08015483083142654,0.12509560603604578,0.02404904062605173,0.13794884148963577,0.03075276619834971,0.008073684721339623,0.006012141761236004,0.036941235525455925,0.0,0.03295378619437962,0.14289892581889166,0.0,0.0,0.0,0.0,0.20515308635101803
Kansas City Chiefs,9,7,0,0.563,353,281,72,4.5,1.2,5.7,0.0,5.7,2014,1,0.008405622283736968,0.10031514575401648,0.0806607515915989,0.030748718212241892,0.10797015369924891,0.02979254766244703,0.056009882008805814,0.008886634818928606,0.0,0.004530660527432027,0.047443105945988995,0.1305815554496752,0.028632147021855483,0.06660517034036578,0.0871185439829901,0.007635990171789491,0.004087397217656044,0.006546393816872781,0.00042283653330854896,0.042551122792692214,0.14198367507998447,0.0,0.009071945088364269,0.0,0.0,0.09370010259727103
Los Angeles Chargers,9,7,0,0.563,348,348,0,0.0,1.9,1.9,0.7,1.2,2014,0,0.06308635732881594,0.0828430967754912,0.012072746858208885,0.04480890754746884,0.08462231181519067,0.06423739852115731,0.04804541380162545,0.012664194541396924,1.489905240164344e-05,0.006276225824192299,0.02290729306752679,0.09703034694864614,0.030815620688004718,0.13360936062765238,0.06596322280657547,0.0012367405417556187,0.0012550142295262344,0.013075900056411537,0.02979810480328688,0.06941040166169131,0.11001850648546439,0.0,0.006207936017509366,0.0,0.0,0.18126589426254253
Las Vegas Raiders,3,13,0,0.188,253,452,-199,-12.4,3.4,-9.0,-4.3,-4.7,2014,0,0.016175998647921252,0.09389805839254732,0.11580988083359589,0.03183502742825969,0.003246038474200477,0.05092135918628928,0.058851715366337674,0.02464030443115009,5.367942914916433e-06,0.0086586204952432,0.055050874277183984,0.05572189928491929,0.004583114303047828,0.09992462700993301,0.056609265249474024,0.049040112162363626,0.06411035474902553,0.08799626230456269,0.0,0.01747265418805299,0.0688625753255786,0.0,0.03658588994739866,0.0,0.0,0.17118834427375815
Dallas Cowboys,12,4,0,0.75,467,352,115,7.2,-1.8,5.4,5.3,0.1,2014,1,0.03636897360198673,0.16835275863962734,0.06194584616371292,0.09013497284933392,0.008885865902726935,0.04389576274653649,0.023693720128400653,0.013054090869495827,9.675384997391025e-05,0.007721110805457679,0.04293238619812166,0.13144204026655654,0.004957989785496408,0.10344087713170233,0.022452160903556867,0.06853396938597611,0.0051022528473583005,0.015357753964112738,0.0,0.07831570682956862,0.06539294011421992,0.0,0.007916945205131063,0.0,5.121810947031598e-06,0.191731091932621
Philadelphia Eagles,10,6,0,0.625,474,400,74,4.6,-0.7,3.9,6.6,-2.7,2014,0,0.02672181219242046,0.09888205085728116,0.04669440463483342,0.03502866803932477,0.05380304976186622,0.10175740193768888,0.06040279829468373,0.003907745646552492,0.0,0.007827466203486433,0.061521658539629855,0.10911800244368301,0.009954363126855954,0.028080474840364578,0.09268669668031297,0.03847663351466395,0.004136982825025592,0.013460704435454869,0.003515890075427245,0.04255355630280117,0.13190333365627505,0.0,0.029566305991368183,0.0,0.0,0.2319933962598304
New York Giants,6,10,0,0.375,380,400,-20,-1.3,-0.4,-1.7,0.8,-2.5,2014,0,0.04869277567613155,0.07891133797366189,0.1187908097125075,0.022957103531993032,0.02550352787585918,0.09122601233372159,0.05136039588162061,0.010232296009439422,0.0,0.008716400304337285,0.06334094408984023,0.022455796822315754,0.014969470087883598,0.160218048863655,0.04088704971663437,0.006672116412786222,0.00020347110101733427,0.1031022441789946,0.0,0.023044070468594743,0.09870933759465765,0.0,0.007750774740187224,0.0,0.0022560166241612036,0.2099318485124796
Washington Commanders,4,12,0,0.25,301,438,-137,-8.6,-0.2,-8.7,-4.0,-4.7,2014,6,0.047175819311210176,0.06084949645541929,0.10143992398497197,0.0929674634823844,0.0043047551564018745,0.05687152508080252,0.05551481729954522,0.004418506423359287,0.0,0.006891384351257387,0.10298278599403654,0.13582381594764065,0.004399157681761565,0.05351434471295107,0.021738953122213238,0.0043330532574036955,0.005390270915007881,0.02704152786726298,0.0043047551564018745,0.030527526145119246,0.16918091052247705,0.0,0.010329207132372098,0.0,0.0,0.2156679387998548
Green Bay Packers,12,4,0,0.75,486,348,138,8.6,-0.3,8.3,7.9,0.4,2014,0,0.011241607015459181,0.1437356865340455,0.049885158036898435,0.05819620639463769,0.011404972059929434,0.09258818530449918,0.04748080387986497,0.02536608444987252,0.0,0.006238937682707616,0.005341425929966539,0.17980760153211747,0.009251160211129978,0.14382756398404556,0.02346781352006631,0.04466090103525108,0.001126239228348193,0.04573726606520298,0.0,0.02198592686650476,0.07080882789277326,0.0,0.007847632376679311,0.0,0.0,0.15383211928517598
Detroit Lions,11,5,0,0.688,321,282,39,2.4,-0.4,2.1,-3.2,5.2,2014,0,0.01680744857131536,0.04501333156806762,0.08951320224734802,0.2075905499207058,0.030647673604020938,0.04013456938390842,0.04956838784958383,0.004284321946337181,2.518283272847956e-05,0.004796370360703215,0.016487179437985944,0.04968624260035242,0.004041602946068147,0.1286509952302325,0.058004312020041006,0.021187176744465203,1.1330008726070588e-05,0.015710945433484547,0.0,0.04202016230947514,0.16190198759926014,0.0,0.013917027385190038,0.0,0.0,0.09461637413767492
Minnesota Vikings,7,9,0,0.438,325,343,-18,-1.1,-0.5,-1.7,-2.8,1.1,2014,1,0.0398279331041119,0.062275788082013055,0.11645423763577407,0.0946271865335559,0.018717278768428235,0.06425056692567964,0.01745921971820225,0.004610693779576238,0.0,0.009767718350748598,0.042238636757543906,0.08852563898009977,0.004161263368689628,0.07988861478517684,0.12781014084365352,0.05039428164234478,0.0023265628355129534,0.01914648923321711,0.0,0.05584869093615497,0.08192007715974502,0.0,0.019748980559771635,0.0,0.0,0.19671141842968023
Chicago Bears,5,11,0,0.313,319,442,-123,-7.7,1.0,-6.7,-2.0,-4.7,2014,0,0.01786721265380616,0.09588103546026207,0.1000768728353361,0.031336651798620135,0.015986705707601835,0.10216039631676282,0.02817728448040656,0.02080242713522525,0.0,0.004336822136820134,0.0036674907034511153,0.13064198875889615,0.00950038713365608,0.14739629676779537,0.08308491458179902,0.008659728400502999,0.005339259552596385,0.01736785421436093,0.0032082288476217523,0.05979777748365163,0.11053532484669486,0.0,0.004175340184132642,0.0,0.0,0.13556305692214485
Carolina Panthers,7,8,1,0.469,339,374,-35,-2.2,-0.9,-3.1,-2.4,-0.7,2014,0,0.06258647760417974,0.021910514560471526,0.19922521703860743,0.051997323856490744,0.009493047057632325,0.038030831662592725,0.09541490295651428,0.013128497564790816,0.0,0.007346358612060864,0.01917549523433846,0.062464850391444345,0.004420333962014213,0.06746762315456192,0.08790521530216813,0.018406061621420958,0.013544473876772316,0.04026798526707271,0.005532257811939711,0.07409427100745405,0.08246821277480339,0.0,0.02512004868266934,0.0,0.0,0.14373112393447157
New Orleans Saints,7,9,0,0.438,401,424,-23,-1.4,-1.5,-2.9,1.9,-4.8,2014,0,0.00601662410914275,0.08569698378187927,0.04313186342427799,0.03350984396303094,0.04510663452818141,0.16070305068972268,0.07157371256223827,0.012169991744998419,0.0,0.0065264128405078115,0.008473818543593942,0.06262264628525611,0.024549936673305545,0.1453045108121943,0.045178045626819985,0.020446644321139764,0.0,0.05237213326746817,2.5301233035177957e-05,0.048335319260049886,0.11619252808600027,0.0,0.012063998247157289,0.0,0.0,0.19566543889663432
Atlanta Falcons,6,10,0,0.375,381,417,-36,-2.3,-1.6,-3.8,0.6,-4.4,2014,0,0.025562400639142342,0.0502687646472156,0.04951908132573543,0.07259122365662692,0.0060080598005428105,0.09087433194149035,0.03878556188789379,0.024904237099764946,0.0,0.005043504600930933,0.07063187481465139,0.0973864008731106,0.008795988587130566,0.13966276618071513,0.05594959217009282,0.0406266936055956,0.007422605431288947,0.04713433428192476,0.0,0.022546600902439335,0.14126807262895028,0.0,0.005017904924757439,0.0,0.0,0.22769530100087967
Tampa Bay Buccaneers,2,14,0,0.125,277,410,-133,-8.3,-1.5,-9.8,-6.5,-3.3,2014,0,0.027173858345622363,0.09873447248206296,0.09161362117221852,0.1955045042882098,0.07001434950844715,0.1045336339741423,0.05217080037082521,0.0030630799303706505,9.189239791111952e-05,0.0030630799303706505,0.048731669034621936,0.02494764831746624,0.023748350422061783,0.041582885353031486,0.026015540083857792,0.017590954439078155,0.005724225429497046,0.0037478970862320888,1.945055755785363e-05,0.03170614456459529,0.1258717270225174,0.0,0.00343257488654279,0.0,0.0009176404027594208,0.1980495663510226
Seattle Seahawks,12,4,0,0.75,394,254,140,8.8,0.8,9.5,2.4,7.1,2014,0,0.056522373833839124,0.048930615780846176,0.15813085449452655,0.08914156279229563,0.0614126983972433,0.03352752516380247,0.027331222928902717,0.013033403240163846,0.0,0.00680420316214436,0.08845978546880266,0.06197874676667141,0.010733390903664344,0.015867286773503825,0.07375593693559375,0.005779417332201431,0.0,0.06064516894713784,0.0007845725415189218,0.05191722013332972,0.12852235101771675,0.0,0.006721663386095182,0.0,0.0,0.18507367434016464
Arizona Cardinals,11,5,0,0.688,310,299,11,0.7,1.3,2.0,-2.4,4.4,2014,11,0.030961740333528873,0.12390968043768567,0.17031979799885077,0.03787974152313523,0.02285342723384922,0.08050648453307199,0.053760592339750196,0.003156221044908822,0.0,0.008193925126405526,0.05335212254364095,0.0678211705421821,0.012773980909328676,0.11969320180385726,0.026895732004783193,0.029178051361136277,0.004488776819481682,0.0037406736201356246,0.0,0.03780656673367788,0.11270811309059003,0.0,0.0,0.0,0.0,0.1939983987713781
San Francisco 49ers,8,8,0,0.5,306,340,-34,-2.1,1.2,-1.0,-3.0,2.1,2014,0,0.011002448120519795,0.06215681176624755,0.1085957677209819,0.042920937106532435,0.010253671372842967,0.07483050647108651,0.09467587338891618,0.015208220730716529,0.0,0.004347011356122898,0.02678640646343906,0.084033457081865,0.018249864876859836,0.04828632894333594,0.06661217409096644,0.06833887745218016,0.005849203358799423,0.050436368336809895,0.0,0.0725818341620635,0.12117202335559915,0.0,0.013407255627674712,0.0,0.00025495821644009724,0.18095823850722553
Los Angeles Rams,6,10,0,0.375,324,354,-30,-1.9,1.0,-0.8,-1.2,0.4,2014,0,0.03987799290209598,0.07375951779025063,0.18866506357374183,0.047712026908381285,0.021423112744489537,0.054604339921019866,0.10024477296995842,0.004714718205956902,0.003070760970870987,0.005685845323133878,0.10024630700339458,0.0316880097145682,0.005532319867402119,0.15514673064161041,0.027918500329523355,0.00825419889564704,5.090548765812479e-06,0.0040912519102627685,0.0,0.06227845284958579,0.060702756286406055,0.0,0.004378230642934554,0.0,0.0,0.2029828387221575
New England Patriots,12,4,0,0.75,465,315,150,9.4,-2.4,7.0,5.3,1.7,2015,0,0.02473027515514085,0.1031018886113604,0.01816988403513358,0.05497063886884993,0.05022061059541969,0.0440168588474452,0.0541794003247549,0.025474746310800312,0.00034796380565027324,0.003378942045390875,0.03966040125187998,0.1203011918883709,0.0076813436445482604,0.10491912256312291,0.028254543551916422,0.06897523912684402,2.3592445611168957e-05,0.03387776121305987,0.004620453806847728,0.08865687952388152,0.11898542124141807,0.0,0.005452841142553128,0.0,0.0,0.18200322818815778
New York Jets,10,6,0,0.625,387,314,73,4.6,-3.0,1.5,-0.5,2.0,2015,0,0.07027826068634371,0.21698813776836978,0.07556198231110302,0.043301245826981145,0.02469846938179312,0.032115275718766496,0.06956156398641106,0.011593472001616204,0.001735588679070378,0.005734906842761442,0.07645670620465028,0.04053911862631603,0.004048164538326732,0.034712799655908205,0.053285042215319156,0.041705249028542724,2.2874272307310593e-05,0.02461790619472677,0.0,0.02787778409630534,0.14123393967931525,0.0,0.0039315122850658215,0.0,0.0,0.2205554916383032
Buffalo Bills,8,8,0,0.5,379,359,20,1.3,-1.2,0.0,0.3,-0.2,2015,2,0.050479603573088325,0.09153599959381872,0.18822981180315718,0.13382750705981397,0.04104650749592106,0.04134841832611967,0.014120798970830096,0.020983558072226884,0.0,0.00757180536387704,0.011189733236225321,0.0608539961335868,0.003698554046122682,0.04406537725893157,0.07498598475091167,0.01746388657249071,0.0005965932065892387,0.03273638786009519,0.0,0.05387967307611738,0.09873600943608143,0.0,0.012649794163995054,0.0,0.0,0.12048164170792403
Miami Dolphins,6,10,0,0.375,310,389,-79,-4.9,-1.9,-6.8,-4.7,-2.2,2015,0,0.05760810529420233,0.11091732479316387,0.13401785336137476,0.10433773478292248,0.025905988155517652,0.013425740509303575,0.02004153315979626,0.003251956516301307,0.0,0.008144731267214718,0.07579350251440278,0.10330919327016592,0.009009819067141685,0.051772177564860085,0.024322196844405317,0.025232936553316487,0.0012055789807843425,0.05664518408666391,4.596941545733052e-06,0.044751543454184396,0.13030230288273237,0.0,0.0,0.0,0.0,0.17206488181277088
Cincinnati Bengals,12,4,0,0.75,419,279,140,8.8,1.9,10.6,4.8,5.8,2015,0,0.007888626940662993,0.12474631377730754,0.07091999166082467,0.11443881735329214,0.044174038669656246,0.1003375840090511,0.08098760094873927,0.01355559312287225,0.0,0.006253756118840016,0.06719337838960791,0.07166914300353634,0.019247671610207608,0.07234329096452938,0.028266803941709127,0.006624353706442476,2.5480581875318155e-05,0.008376399072078785,3.4743089549111205e-05,0.02401537545699931,0.13456052781590466,0.0,0.004340509766313741,0.0,0.0,0.1820786861353136
Pittsburgh Steelers,10,6,0,0.625,423,319,104,6.5,2.2,8.7,5.1,3.6,2015,4,0.045660851674812125,0.09638753775814381,0.018938107794141314,0.08900930251258528,0.030084723697514398,0.03347130375309697,0.10007094821195332,0.0394903470024267,0.0,0.004788980902055468,0.024729858088236953,0.1135792302431187,0.003132641642697937,0.1467046543514866,0.0310070670163002,0.0355867442477732,0.03240663768308211,0.011304565855440428,0.0002838101313533924,0.045134819930465295,0.08404011910058676,0.0,0.01418774840272904,0.0,0.0,0.13973256789527264
Baltimore Ravens,5,11,0,0.313,328,401,-73,-4.6,2.6,-1.9,-0.7,-1.2,2015,6,0.02231903300628359,0.1224759262426173,0.0351510387732926,0.08502568209716886,0.014836041398683799,0.06403011534372088,0.06048317111850163,0.01668353785892001,4.248778741660444e-05,0.004709063105340325,0.0545727304174673,0.09428663890089758,0.017002196264544543,0.12089009082118625,0.08921133106802613,0.010269694771275848,0.0,0.03432015468387139,0.00562364813597225,0.06232927256305099,0.08106345515644181,0.0,0.004674690485320292,0.0,0.0,0.15681522167471984
Cleveland Browns,3,13,0,0.188,278,432,-154,-9.6,3.5,-6.1,-3.2,-2.9,2015,0,0.05852598498677671,0.17964658315548085,0.0940245644105776,0.022844666960167438,0.02495660504200718,0.041909547148550254,0.06779123817129351,0.0031149846083955925,0.0,0.0031149846083955925,0.076473473650381,0.10224258841328843,0.014679812522324056,0.0510353206314525,0.0225951817561295,0.01611246913300884,0.0,0.05318295572081603,0.007103210396228907,0.046906583974685986,0.1106075609197898,0.0,0.0031316837902502555,0.0,0.0,0.2001246853149457
Houston Texans,9,7,0,0.563,339,313,26,1.6,-2.4,-0.8,-3.3,2.6,2015,3,0.028630131941775768,0.16038899738682685,0.1235776399724287,0.026446141810548583,0.03541083328541771,0.030224261384842167,0.0858976849916683,0.004527716935632223,0.0,0.006592201254921978,0.08147036614002183,0.0678095414709886,0.014629834364017708,0.0693192486040825,0.07676864318053266,0.037291669937896586,0.0,0.007454907096274495,5.336961868165862e-05,0.03864533413721087,0.1011419651800316,0.0,0.0037195113061992266,0.0,0.0,0.177669799023218
Indianapolis Colts,8,8,0,0.5,333,408,-75,-4.7,-2.0,-6.7,-3.1,-3.6,2015,9,0.008393826545603977,0.14105405108319938,0.0491152515766898,0.06590101487789826,0.030683509079503027,0.05491828760730738,0.06953272403946838,0.019176835788204248,0.0,0.009065413281696553,0.04784210493540834,0.16055376202552352,0.02231486346263767,0.07853936554952022,0.04388598647285529,0.02362443911852189,0.022978151858880077,0.02688243707764632,0.0,0.029043227147102516,0.09649474847233316,0.0,0.0,0.0,0.0,0.13477865820684157
Jacksonville Jaguars,5,11,0,0.313,376,448,-72,-4.5,-3.0,-7.5,-0.7,-6.9,2015,0,0.02709837693569175,0.06685741562920801,0.21718894626949026,0.07694188581119615,0.02221375909528631,0.08801941849816299,0.005696824347924509,0.017060847038990645,0.0,0.00430347654003877,0.005839988545101211,0.09494170751157104,0.006431186379201519,0.06062502392926124,0.0457968155299091,0.06222882435579931,0.0,0.021013035412720878,0.001297770334979686,0.12222595034684537,0.05421874748862128,0.0,0.0,0.0,0.0,0.18448437866973494
Tennessee Titans,3,13,0,0.188,299,423,-124,-7.8,-2.8,-10.5,-5.9,-4.6,2015,4,0.008630420862318333,0.12350754011627817,0.04660017511994602,0.1284856584393464,0.06774537581300484,0.05256485775893771,0.047393365555111165,0.014925331372920122,0.0002051877191326146,0.006435433009159277,0.02028737612636691,0.1120222041714026,0.015544524176713228,0.05109189750926281,0.05082473377223764,0.05689734204258825,0.0039145619788975156,0.034330928820838796,0.0,0.08923459237061851,0.06493274183620827,0.0,0.004425751428710819,0.0,0.0,0.1383799967902112
Denver Broncos,12,4,0,0.75,355,296,59,3.7,2.1,5.8,0.3,5.5,2015,0,0.008705207335859937,0.08941141586470618,0.03886833765706244,0.03146340207584897,0.01785453933733846,0.07782143129838635,0.02409959016987441,0.009114473018847649,0.0,0.005823614140586966,0.09210788015696797,0.14511330647657086,0.01619584997678032,0.13206667405519046,0.017458347495800088,0.004507043158197913,0.0,0.066341881753355,0.001381809244465735,0.05778010762162985,0.15922295868006553,0.0,0.004662130482464929,0.0,0.0,0.1845233711938779
Kansas City Chiefs,11,5,0,0.688,405,287,118,7.4,1.6,9.0,3.7,5.3,2015,0,0.006654471947154936,0.10224690526724088,0.06868418384480317,0.026806937496469015,0.08429689002413608,0.045933437209808435,0.06797111860606085,0.010804014055541772,0.0,0.0030989800146108415,0.05316214234211421,0.09496429198151886,0.026865702686134054,0.1518402854336684,0.06884660115738436,0.013197663325815201,0.004670863999089507,0.013187765435351889,0.0008356647519739593,0.03202683040963671,0.11330036737222342,0.0,0.010604882639263442,0.0,0.0,0.11978337957686674
Las Vegas Raiders,7,9,0,0.438,359,399,-40,-2.5,2.3,-0.2,1.4,-1.6,2015,0,0.10057867612455886,0.038012206416900896,0.08710612022288634,0.08728787163414267,0.05365304140738231,0.009885378497660476,0.07275692910749472,0.02633655499680394,0.0,0.008978759006645843,0.052172160994879195,0.0664480693692894,0.011249575569271931,0.024966689364740263,0.03451414286864673,0.06487562383164366,0.004532659728397309,0.09510272270515553,0.0005592541919515225,0.03608010275604534,0.0925493462778255,0.0,0.032354114927677556,0.0,0.0,0.22807109364069372
Los Angeles Chargers,4,12,0,0.25,320,398,-78,-4.9,2.2,-2.6,-1.5,-1.1,2015,0,0.01321838270313555,0.07028703795070193,0.014583474994133245,0.08097976023873367,0.08548609517951097,0.07764412731047063,0.0700392867489538,0.005764073348757628,0.0,0.006267103377840893,0.0341583764843226,0.0563567265069108,0.03092552405145615,0.16444643492539893,0.09276871785823712,0.01612641099039017,0.0011431267576517516,0.02056332844049506,0.003310507702483097,0.08239333469943168,0.07316084394767007,0.0,0.00037732578331424384,0.0,0.0,0.14445780519080204
Washington Commanders,9,7,0,0.563,388,379,9,0.6,-2.5,-1.9,-0.2,-1.8,2015,0,0.0445237630525868,0.08861551235467331,0.06486448498876153,0.12875767407247632,0.03602468602584634,0.06705293211797862,0.03975926466368025,0.004405844924067705,2.3821526206983794e-06,0.007958392764345188,0.07947939907260008,0.08474482910494328,0.003648341851520041,0.06352682402570745,0.025450854217038226,0.005217801287152174,0.0,0.017961631061187044,0.005601513852982925,0.04414206065158012,0.17724571822731333,0.0,0.011016089530938553,0.0,0.0,0.20187540938330062
Philadelphia Eagles,7,9,0,0.438,377,430,-53,-3.3,-1.3,-4.6,-0.6,-4.0,2015,2,0.03616524803998925,0.10522246051154326,0.07549581375566608,0.04828939654267938,0.07419720909593891,0.04722370027709793,0.03211277369630038,0.005649971013508607,0.0,0.00711790191179927,0.06020281523531158,0.10724724416790384,0.013859945341431652,0.11760030567330843,0.10011450775025099,0.039469644197237565,0.0021122473706935993,0.0004403786042627212,0.0046826814049189735,0.0459786727968078,0.0768170826133498,0.0,0.0,0.0,0.0,0.18774408915455532
New York Giants,6,10,0,0.375,420,442,-22,-1.4,-2.2,-3.6,2.5,-6.1,2015,0,0.041479348631283094,0.13994198879747452,0.14882458207172922,0.029513435410651854,0.015309415757565404,0.06371025875944548,0.04900552769747205,0.010520456981843609,0.0005830982764514564,0.010623596424921163,0.06317495452941599,0.0421082771355199,0.010988032847703324,0.11882193761849054,0.057812428231975174,0.03606482789755868,5.196326455920976e-05,0.018755738227402126,0.00036159200293151364,0.01740769362733527,0.11854101803828203,0.0,0.006399827769988397,0.0,0.0,0.20479098182063477
Dallas Cowboys,4,12,0,0.25,275,374,-99,-6.2,-0.7,-6.9,-7.0,0.1,2015,7,0.034202552440419726,0.18788656928432473,0.08851938031395921,0.01838989552615101,0.009978943159620847,0.028142022590067556,0.03666279489992555,0.018140063318108694,0.0008141260417167182,0.008134004391839937,0.04058238368529724,0.0698041246121346,0.00726570486503002,0.14536234986902657,0.03135507042124957,0.055792710681126144,0.0012628096238521459,0.0285618924956285,0.00015011265197001304,0.06094127424424905,0.12187003910083392,0.0,0.006181175783468247,0.0,0.0,0.1588697820488807
Minnesota Vikings,11,5,0,0.688,365,302,63,3.9,1.9,5.8,1.1,4.7,2015,0,0.05514562844502166,0.1010195250482751,0.11027737465914991,0.07024698583677126,0.019100847837016814,0.04673360867490202,0.016187551836886114,0.01523224894065349,0.0006767672581551288,0.00601948767303808,0.04505191345603688,0.06559198338643167,0.00429218718315857,0.03584391336511201,0.1153675078489188,0.056385908171225976,0.0,0.01986713882031604,0.0003462463722979396,0.060948434966873334,0.15166761675947527,0.0,0.00399712346028392,0.0,0.0,0.20366330511948447
Green Bay Packers,10,6,0,0.625,368,323,45,2.8,2.5,5.3,2.0,3.3,2015,0,0.008778103677039843,0.08414216449596713,0.12058865707632872,0.0510459276400059,0.02350508353761497,0.09882662237349828,0.020609450692606054,0.0250253713206439,0.0,0.007242737226615177,0.005717416171720629,0.15691248304081692,0.00944619649849657,0.14058789757393264,0.028797315125897675,0.0360277229512622,9.403900096264496e-06,0.06270989369313905,4.694900647760236e-06,0.023626946521845948,0.08866554618327593,0.0,0.007730365398548389,0.0,0.0,0.1493545600741687
Detroit Lions,7,9,0,0.438,358,400,-42,-2.6,2.4,-0.2,1.0,-1.3,2015,0,0.008651671476960146,0.06307147939283847,0.08321786073399139,0.16016659447490827,0.037318544629232724,0.03920175172858379,0.05396208605316254,0.01036595167708947,0.0,0.004643342619041026,0.02089802330041895,0.041787919005637046,0.004364567500145969,0.1304380157959394,0.06404427712770283,0.007236848472173397,0.0038668500486754975,0.02415704932655682,0.002698487291143322,0.05422810419917792,0.18228647323632477,0.0,0.0033941019102962902,0.0,0.0,0.0786867822692796
Chicago Bears,6,10,0,0.375,335,397,-62,-3.9,2.6,-1.3,-0.1,-1.2,2015,1,0.009617361061684855,0.08513429265528681,0.09941759443715904,0.032760021416589465,0.007070819806399322,0.10526353502280021,0.019094798313830822,0.02544294107594336,0.0,0.007808689830359287,0.009654113939489598,0.1440299702228905,0.00403312131753972,0.1260452628685103,0.08344999186221609,0.000760977486067543,0.0,0.05557179280721661,3.414533850269638e-05,0.05320695252232011,0.13160361801519366,0.0,0.0,0.0,0.0,0.12533013284854488
Carolina Panthers,15,1,0,0.938,500,308,192,12.0,-3.9,8.1,6.0,2.1,2015,0,0.08126808285593172,0.036616109843688634,0.1702034353719231,0.04689538000251421,0.020067362321070318,0.03488470293009564,0.055049358899239634,0.021345386343126795,0.0,0.007088121129311129,0.007918449772450263,0.06845247126451384,0.004682234435317823,0.1062380535122914,0.09868394194228432,0.025112881460731165,0.0017214021244457093,0.03611501657087098,0.0007725652734512343,0.06321348718289078,0.09007916914281755,0.0,0.023592387621033762,0.0,0.0,0.14995668229266004
Atlanta Falcons,8,8,0,0.5,339,345,-6,-0.4,-3.4,-3.8,-4.0,0.3,2015,0,0.02639484632795288,0.04055647085813877,0.10116846078899885,0.06580164363966326,0.0031929871139481313,0.11148429749494013,0.004367132888049872,0.02226688652523838,0.0,0.005578552199081792,0.06161347951440024,0.0588107855287805,0.024631267792416055,0.15108828928668777,0.025315279034226364,0.009240343223360129,0.009420031325772658,0.06016339359185103,0.0001317859555030454,0.02188063050705406,0.18925106211780265,0.0,0.007642374286133411,0.0,0.0,0.2088647525161564
New Orleans Saints,7,9,0,0.438,408,476,-68,-4.3,-2.3,-6.6,1.1,-7.6,2015,1,0.021411387307753032,0.07517237819169766,0.05572796301580152,0.03334500886564694,0.05472620360015434,0.11982090273880784,0.06324164741209323,0.004141263341474226,0.0001410476363464034,0.00610973672292589,0.009032180905017076,0.09298402732575908,0.02422125173534852,0.17709102614648214,0.04400898523717932,0.022763133390558174,0.0,0.025756562239535378,0.00015663968446331028,0.0912588401693362,0.07200789067959104,0.0,0.006881923654028666,0.0,0.0,0.17318424402659946
Tampa Bay Buccaneers,6,10,0,0.375,342,417,-75,-4.7,-3.0,-7.7,-3.5,-4.2,2015,0,0.0440914040610634,0.06680802264135315,0.08219671640843901,0.17966871557661854,0.04960060503439757,0.09463073449379616,0.064546375960544,0.005031606467817471,0.0004401077802870916,0.0038183003529262505,0.03091946574161777,0.06261344001894116,0.003256785595142978,0.04466577376336819,0.03524368340444331,0.03912559963599469,0.009614540183575795,0.005513213932136465,0.0,0.0342343044758521,0.13947287629915237,0.0,0.0045077281725325515,0.0,0.0,0.20876720393247203
Arizona Cardinals,13,3,0,0.813,489,313,176,11.0,1.3,12.3,9.0,3.4,2015,0,0.026674410814784666,0.15574797342200405,0.15799010277083828,0.044908049850686874,0.02682164526991933,0.10938795799341426,0.07238497344472568,0.003527794487292117,0.0,0.004595461966795804,0.01736213904339316,0.027606487979625945,0.007791553936183863,0.08196158448101022,0.019441685785170543,0.07349825693091029,0.0,0.004065898896961975,0.0,0.03770528861519008,0.12852873431109285,0.0,0.0,0.0,0.0,0.2269227647825024
Seattle Seahawks,10,6,0,0.625,423,277,146,9.1,2.2,11.3,5.4,6.0,2015,0,0.029649271464444456,0.13636184087875813,0.12428719736142328,0.07371575041574266,0.05481895282054817,0.022459613926679906,0.026669254533783923,0.02256308518167243,0.00014227297561472007,0.005739729933374297,0.049918732517298815,0.06722138198197791,0.010178835420303352,0.05808406535955084,0.07048090973327997,0.003711529116976052,0.0,0.041514482050061426,1.357178056040447e-05,0.07226798072446151,0.12141251101969205,0.0,0.008789030803795693,0.0,0.0,0.10575271880595964
Los Angeles Rams,7,9,0,0.438,280,330,-50,-3.1,3.0,-0.2,-3.8,3.6,2015,2,0.017040486146221584,0.03244117486711093,0.15280297261528775,0.07298695706472721,0.03743616764859896,0.07696398719169924,0.06818702865633038,0.005686890939162846,0.00028384307876874667,0.006041785414404996,0.05462540255172319,0.14501049813525624,0.01687273775118634,0.06285204683961669,0.03929633386593449,0.008075336657168268,0.0,0.004459534218149253,0.0027673012034028187,0.10057635078862004,0.08462791380206074,0.0,0.010965250564569307,0.0,0.0,0.15947251375021512
San Francisco 49ers,5,11,0,0.313,238,387,-149,-9.3,3.8,-5.5,-6.0,0.5,2015,0,0.014714138117672986,0.07124458314126327,0.08354491482290549,0.05380024356946177,0.019316199604098156,0.048340016176192595,0.07880204643747758,0.030232456657177085,0.0,0.005935829131595938,0.05557974615252681,0.08214581172350753,0.007192823595831282,0.12663262304831083,0.03836691816282407,0.05285020287960274,0.0,0.06153671752703419,1.2183665406593376e-05,0.053939536651694285,0.10074527393534638,0.0,0.015067735000070462,0.0,0.0,0.1714962869914017
New England Patriots,14,2,0,0.875,441,250,191,11.9,-2.7,9.3,4.3,5.0,2016,0,0.004910448958661137,0.033017827648530194,0.030485250816645278,0.05653767619583365,0.04645000983511834,0.030788850166590272,0.03719697420728702,0.027763691278370903,0.000730787755870856,0.003978333811229977,0.06990129560822826,0.1643680880936236,0.011511774432495252,0.10323714618290417,0.031182769544406224,0.06907066013823555,0.00018689704372756998,0.03984248154635472,0.0057348409839322175,0.09857185061823104,0.1288929299882049,0.0,0.0056394151455188505,0.0,0.0,0.18040609585564743
Miami Dolphins,10,6,0,0.625,363,380,-17,-1.1,-1.3,-2.4,-0.6,-1.8,2016,20,0.06866578486245617,0.11296615826156198,0.15525691192672794,0.11668012122571908,0.0272658586189505,0.027727548458855018,0.012448021828402872,0.0037066505961029887,0.0,0.008025769815491912,0.08743132938316173,0.06469663544602575,0.008556415220091016,0.08839177953227491,0.01872050112616083,0.01684794040283961,0.00090410462110813,0.05680791803558061,0.0002822825080619188,0.07117740163581834,0.05344086649460869,0.0,0.0,0.0,0.0,0.20095488561537442
Buffalo Bills,7,9,0,0.438,399,378,21,1.3,-1.6,-0.3,1.8,-2.2,2016,1,0.03509835140833853,0.10854989951659234,0.10923926281123242,0.14908276504196447,0.043911302316610674,0.04852568036142492,0.02435869120461631,0.0181037915742657,0.0,0.007349322446428487,0.04069828435857147,0.026299848391013677,0.003960428821805542,0.06756284113777856,0.0697700141263745,0.021592862056565444,0.0034734410282581713,0.05136130706715074,0.0019738077132360025,0.05389784733251694,0.10459287097080257,0.0,0.010597380314452537,0.0,0.0,0.14788898589813634
New York Jets,5,11,0,0.313,275,409,-134,-8.4,-0.1,-8.5,-5.5,-3.0,2016,1,0.058197166039658625,0.1878739575140066,0.11528600500676545,0.039378049669876895,0.018130314955028867,0.03866395146523353,0.07207052909491724,0.021159724152770877,0.0011425685138314325,0.00589878884043279,0.06668383103518101,0.01969226995952305,0.002977000119411729,0.06394032174138775,0.03847313434419154,0.04320507000552917,0.001268824735242905,0.036735986892581236,0.0035632543321353636,0.0190664986059027,0.14631971970676041,0.0,0.0002730332696308419,0.0,0.0,0.2103132728777377
Pittsburgh Steelers,11,5,0,0.688,399,327,72,4.5,0.2,4.7,2.8,2.0,2016,1,0.0838550803334247,0.07440705989295085,0.08143127194983715,0.013208898141858737,0.038221945793108815,0.05298508407474092,0.13561541844945382,0.011342037420651237,0.0,0.004490821035874838,0.014446575023494423,0.06975913276645479,0.003467178005638662,0.17024045434217586,0.0336990418034218,0.03186902562715422,0.0,0.010113414826721703,0.005480076264443661,0.049100933335921276,0.11279937290703387,0.0,0.003467178005638662,0.0,0.0,0.18863584132325792
Baltimore Ravens,8,8,0,0.5,343,321,22,1.4,0.2,1.5,-1.1,2.6,2016,0,0.03532740909755477,0.15337029959762105,0.02241633867183784,0.03134145771854762,0.041272131614847045,0.0430614135215112,0.06150037927736657,0.023185035201805825,0.0,0.00622683802562785,0.0395650837158958,0.11317425170944755,0.020535316893028017,0.16006970825932368,0.041384704897195465,0.015316299226143805,0.0,0.025775114975748817,0.008367174486726213,0.050911382867251304,0.10223047126637848,0.0,0.004969188976141095,0.0,0.0,0.1416373800478318
Cincinnati Bengals,6,9,1,0.406,325,315,10,0.6,0.4,1.0,-1.5,2.5,2016,0,0.008417388739624863,0.13500429543558226,0.08578961671496897,0.11436829500370488,0.032451763580054215,0.0872928241512907,0.06962409442999035,0.010479209328336436,0.0,0.006751312943918104,0.07089393309350916,0.031243639952841323,0.0193099264032207,0.090797658915675,0.04923059981887289,0.0069694767481823065,0.002978888636495789,0.030642110169319538,3.1970076826524337e-05,0.025425233032767294,0.11604228019641853,0.0,0.006255482628400173,0.0,0.0,0.17360559280943355
Cleveland Browns,1,15,0,0.063,264,452,-188,-11.8,1.7,-10.1,-5.2,-4.9,2016,12,0.005458925759790726,0.2036364307664086,0.07144915548577872,0.042663866200756136,0.014200972168012504,0.06799988029685367,0.06952068926589065,0.006271875072304332,0.0,0.004031572480443245,0.07295226393183014,0.06782463360051806,0.013054615650959079,0.1232563362631244,0.024778712553958086,0.0007287931166789831,0.009950542895773769,0.03978280467681759,0.01974217272314698,0.03156845654995029,0.10679871251694441,0.0,0.004328588024059595,0.0,0.0,0.1668820358283005
Houston Texans,9,7,0,0.563,279,328,-49,-3.1,0.4,-2.6,-5.3,2.7,2016,0,0.025750506862484264,0.13656188220503765,0.11554769926231168,0.046462751703645604,0.030425421203421513,0.05878252728208333,0.0929425492017123,0.007431229820922881,0.0,0.005754270879033204,0.08074631617497002,0.09449027708412326,0.011837357236868306,0.09478202190584503,0.06788635595164698,0.04095769007599636,0.0028575511895991613,0.01611195846129297,0.0004669179798986943,0.018888673653583477,0.047066825196062145,0.0,0.00424921666946116,0.0,0.0,0.20670395837543268
Tennessee Titans,9,7,0,0.563,381,378,3,0.2,-1.2,-1.0,0.7,-1.7,2016,1,0.027898385170126157,0.1321114599261905,0.019657779289292805,0.0933020798779509,0.03376627711303616,0.0765852482943566,0.05429163341673671,0.016400514032967488,0.0,0.0070981036279663765,0.02081760809286962,0.10970170332488267,0.017944644003285784,0.0513814840370794,0.06387191331104648,0.041379338854581275,4.43033321947789e-05,0.04527017632134705,0.000788454426682149,0.07299336195052113,0.11031285802264791,0.0,0.004382673574238052,0.0,0.0,0.16746903483861583
Indianapolis Colts,8,8,0,0.5,411,392,19,1.2,-0.8,0.4,3.1,-2.7,2016,17,0.020169784510722006,0.11486725384328597,0.042576214873613266,0.027736713096020566,0.029758193051899785,0.04626426811922742,0.043242141157287965,0.021313943215051465,0.0,0.005246509099089591,0.06595721053420592,0.12801183150759954,0.01770696820942737,0.13255337373718085,0.03762046730879522,0.045856647152910025,0.01130368255162501,0.017440543919239226,0.002959903364024253,0.0738671230937211,0.11554722765507348,0.0,0.0,0.0,0.0,0.1812078136810896
Jacksonville Jaguars,3,13,0,0.188,318,400,-82,-5.1,0.2,-5.0,-2.7,-2.3,2016,0,0.014082972397762777,0.116796168093843,0.12009321436253387,0.15077413303300655,0.03131808801052049,0.05867855872199574,0.009705247901163809,0.003489317640141647,0.0,0.004486265537324975,0.03572396631573591,0.07077722596416276,0.014289586526294364,0.07220692900455543,0.04234172639619679,0.05070124085518802,0.0030019164595280327,0.016769587469008296,0.004055610631019036,0.08421914757139803,0.09648909710862047,0.0,0.0,0.0,0.0,0.16324234892170147
Kansas City Chiefs,12,4,0,0.75,389,311,78,4.9,0.7,5.6,1.2,4.4,2016,1,0.007054310999160193,0.041176088745698024,0.07639403459206427,0.04188326922441409,0.09485710171732871,0.061820430593723955,0.05508842362348542,0.006889110103855924,9.835338081222583e-05,0.003486083127752911,0.044990350877653115,0.16378783261146324,0.029178169640960327,0.13334249768279435,0.053853321537921654,0.027334043750731094,0.0003075182373395594,0.004180018684519598,0.0004524255517362388,0.03228475297040324,0.10624463318385367,0.0,0.01529722916232819,0.0,0.0,0.14165156177300461
Las Vegas Raiders,12,4,0,0.75,416,385,31,1.9,1.3,3.3,3.5,-0.3,2016,0,0.04685548119313479,0.1206808556584894,0.05176696400871059,0.0572757081664406,0.054919991040745186,0.09241779370123106,0.03602144121423704,0.024097104613612176,0.0,0.007165237546093015,0.03711927730884704,0.1286323646897678,0.030729893509783206,0.028182312316293045,0.017767647149456132,0.052676587111982455,0.007791597967606384,0.018168882196655058,0.0005808680088640347,0.037059618719546064,0.1180703481622696,0.0,0.03202002571623532,0.0,0.0,0.22965000732405938
Denver Broncos,9,7,0,0.563,333,297,36,2.3,1.8,4.0,-2.0,6.1,2016,2,0.012110563943726541,0.15281459137258466,0.08235711831352432,0.02030555997696075,0.031774340125426855,0.02261119674055156,0.04407857565529074,0.004075723464010628,0.0,0.008270981104348247,0.07658339411142734,0.15568179490079173,0.00828731796256649,0.047625901950809714,0.05820452371611858,0.00648083505161306,0.003237401490443162,0.044999172899851704,0.0008307750922866064,0.0485476743623028,0.16802054501552335,0.0,0.003102012749841169,0.0,0.0,0.1186167649396051
Los Angeles Chargers,5,11,0,0.313,410,423,-13,-0.8,0.9,0.1,3.0,-3.0,2016,0,0.010962841555522925,0.12262872576868619,0.03903758071144194,0.1107217750376829,0.02552737268575432,0.08409506745423712,0.07413577405397133,0.00579960038301061,0.0,0.005772804279802079,0.04016038631979302,0.07170476416254938,0.007001051203539,0.11050337328913619,0.0559844372143278,0.029354790163967387,0.00364892687234732,0.016457586415808745,0.0052258511745842855,0.05343590010307238,0.12473413020244559,0.0,0.0031072609483194956,0.0,0.0,0.16979893666810472
Dallas Cowboys,13,3,0,0.813,421,306,115,7.2,-0.2,7.0,4.1,2.9,2016,0,0.014785632417120253,0.13739618808478943,0.07249160702288078,0.022741233303488772,0.02074711823283228,0.04378198060203164,0.036965560711210606,0.021605777667787637,0.0,0.007660230264033799,0.04452099640635029,0.07409581637309795,0.00949344776311881,0.15899486203476812,0.06448165778486974,0.03578766609040566,0.0031268732577518273,0.031226699519146396,0.0011485304047928215,0.06316902167788203,0.13185077716931615,0.0,0.003928323212325025,0.0,0.0,0.14002480592070066
New York Giants,11,5,0,0.688,310,284,26,1.6,0.5,2.1,-3.2,5.4,2016,0,0.011923255947827244,0.13992256317088356,0.15832736872604156,0.060498274032415846,0.016369211634854105,0.043966100488460294,0.031591440762551985,0.012456937962706546,0.0,0.007324021941749733,0.03937993287322465,0.0714727705614266,0.012750060233544048,0.16523626161804048,0.06311586462622579,0.03766331640919389,0.003409592056884197,0.005514772255293081,0.0006436359520427046,0.01979549820098587,0.08896844194825594,0.0,0.00967067859739189,0.0,0.0,0.13357624167074877
Washington Commanders,8,7,1,0.531,396,383,13,0.8,1.2,2.0,3.3,-1.3,2016,0,0.030068282812261257,0.12830817866058125,0.05927949390062531,0.06361450480831937,0.00023205515317316857,0.07175150537456762,0.030169291512697236,0.004106322939331146,4.564862334223123e-06,0.008318315255634413,0.06506053958753327,0.0848568076599567,0.005817290830719123,0.15218945101240913,0.017040617405911788,0.009016403843063838,0.005930187336064467,0.02550011488807197,0.0030072656046191645,0.05766015176175695,0.1780214320765663,0.0,4.722271380230817e-05,0.0,0.0,0.17890399722204517
Philadelphia Eagles,7,9,0,0.438,367,331,36,2.3,1.6,3.8,1.3,2.5,2016,0,0.05594751135469145,0.0778396152292029,0.07327380438689154,0.06307591364750027,0.071390407661217,0.05216466740451141,0.03238583314401554,0.0044420199716639925,0.0,0.008360276432891337,0.06408025107270834,0.11165373218452211,0.014534736839666915,0.10914141781933356,0.09487971055982126,0.051095265903066546,0.008933527336197487,0.0003487808274047283,0.007284965399691575,0.04266245621961568,0.05627807002905687,0.0,0.00022703657632949296,0.0,0.0,0.2305726611346693
Green Bay Packers,10,6,0,0.625,432,388,44,2.8,0.1,2.8,4.9,-2.0,2016,0,0.009689746624707922,0.0937383364992613,0.12217695659455204,0.05707674472028755,0.02742810841464583,0.05276305019177952,0.012289362303695308,0.01556349329740328,0.0,0.00389087332435082,0.032884150381605505,0.13235609726599679,0.005609342375939099,0.13006196053649308,0.03330533093417761,0.03996251143551988,0.005840628855916259,0.05180972786421371,0.009608142041518537,0.025440475231267835,0.13333101394051275,0.0,0.005173947166155368,0.0,0.0,0.14490760067513136
Detroit Lions,9,7,0,0.563,346,358,-12,-0.8,-0.6,-1.4,-1.3,-0.1,2016,0,0.0053090773870024185,0.06135725131245991,0.06748152429808202,0.05953237535126631,0.059118378884332724,0.03952493058831561,0.0251001029136854,0.02123983616231587,0.0,0.006933597572925257,0.05750436507019709,0.08466103181828313,0.008115721360039609,0.15776358524800937,0.03756755946047049,0.004052053121043976,0.006266873772435153,0.018721813510110753,0.01359458385246532,0.052451454801538476,0.20894652757031923,0.0,0.00475735594470186,0.0,0.0,0.11998501001902442
Minnesota Vikings,8,8,0,0.5,327,307,20,1.3,-0.3,0.9,-2.6,3.6,2016,0,0.009435847353637984,0.10524148546156756,0.10406961020811163,0.07656095805364574,0.05605624222599976,0.11535188579098854,0.012097819233542783,0.013440939251835694,6.361246836440627e-06,0.004929966298241485,0.07332246001170749,0.06474274106355186,0.0045867643089218405,0.08031270057408853,0.09021483368208445,0.01585643190056893,0.003008589858775613,0.028827052367552383,0.005054430453843283,0.06460722106094834,0.06164601612985737,0.0,0.010629643463692287,0.0,0.0,0.21902105551074622
Chicago Bears,3,13,0,0.188,279,399,-120,-7.5,0.0,-7.5,-5.2,-2.3,2016,5,0.00696072861738958,0.08467860124682962,0.05082825921787351,0.024521419062824096,0.005812657413890294,0.1457066161299413,0.08559176033222451,0.011468171882317302,0.0,0.003559785275639938,0.012859238882984417,0.15770766359675864,0.004222707636999499,0.13616528590034518,0.018060253721133554,0.040811508877487586,0.007192310178815633,0.008124131168837359,0.00016271185197404219,0.03903630868389459,0.15652988032183937,0.0,0.0,0.0,0.0,0.2065008043597769
Atlanta Falcons,11,5,0,0.688,540,406,134,8.4,0.1,8.5,10.5,-2.0,2016,0,0.02664162620342958,0.04002725169283397,0.11778234067446607,0.05702626774983891,0.02592882971178501,0.08802353084612954,0.020672307456158934,0.020739918553202095,0.0,0.00559091764010773,0.07140949497611518,0.04120613568365283,0.017724964207237816,0.16661437750108643,0.014673103303781802,0.018017590236094245,0.008049855226763295,0.03999494789079479,0.0048144431969691405,0.03634129621511843,0.17288609338094965,0.0,0.005834707653484521,0.0,0.0,0.2089066854587377
Tampa Bay Buccaneers,9,7,0,0.563,354,369,-15,-0.9,0.7,-0.2,-1.5,1.3,2016,0,0.04496511538557516,0.13907505134464582,0.09153336349160622,0.11849692976272842,0.02579331817148704,0.06612309211711011,0.02432004891080563,0.004731607232637606,3.425266747945793e-05,0.0038529434735048297,0.008857184986327638,0.08059591010820877,0.01123775179772242,0.052605707783853824,0.06767835201490771,0.05794742219394847,0.0015378189070075269,0.016430665530870303,0.006587005005448768,0.03410271091946913,0.14241853936736645,0.0,0.0010752088272887137,0.0,0.0,0.18447981968841012
New Orleans Saints,7,9,0,0.438,469,454,15,0.9,0.6,1.5,6.8,-5.3,2016,0,0.029778324889793116,0.09310582670513866,0.05391227966535327,0.0485707417116401,0.0749322741073123,0.08259951739076622,0.03806389237016487,0.0036701335631943886,2.7343144445478774e-05,0.006083849639119027,0.026191232456279644,0.1548899242249008,0.020849147639677566,0.12869776893749613,0.06522154092372552,0.025292408612067867,0.0012410096253747224,0.036962141379450975,0.0050267773464290405,0.0428879886583918,0.05442934536260339,0.0,0.007566531646675114,0.0,0.0,0.16888826069533586
Carolina Panthers,6,10,0,0.375,369,402,-33,-2.1,1.1,-1.0,-0.2,-0.8,2016,1,0.09612311546420037,0.0342369026063711,0.07587229650676318,0.07603626755075525,0.03634707276134277,0.018923012614206945,0.04942580687328119,0.028982510473533722,0.0,0.0073618186636826765,0.002872904844363971,0.0793082978828846,0.0203521391290358,0.1602362676944005,0.09738689912297398,0.06620092090964787,0.0,0.009148930668905618,0.0033304149408289337,0.05992169179620475,0.06729819100364212,0.0,0.01063453849297467,0.0,0.0,0.18745036877324808
Seattle Seahawks,10,5,1,0.656,354,292,62,3.9,-1.7,2.1,-2.4,4.5,2016,0,0.009479549234905384,0.15384329395056312,0.11766164833721215,0.03572657317204979,0.07019311104634493,0.00754836891180182,0.04670614890372405,0.023452883937931494,0.00015325212159611744,0.004335736316930497,0.0066533004079238275,0.06299803238620386,0.010645280652678125,0.12657637894058765,0.05671802870426742,0.029607466253878167,0.0029939851835657227,0.0469585950811019,0.007226508851268097,0.08508342357149233,0.09064341373658366,0.0,0.004795020297389887,0.0,0.0,0.0605151936597773
Arizona Cardinals,7,8,1,0.469,418,362,56,3.5,-1.9,1.6,2.4,-0.8,2016,1,0.005401785810242046,0.10826545411043723,0.13053196939364456,0.03945912462132881,0.041037647187675615,0.07620658356360217,0.047636866280264784,0.0038529188490917556,0.0,0.004076150743509075,0.01552631978270436,0.06812743299714771,0.008809896246124584,0.13548924835135334,0.033197961462662955,0.03999667256666921,0.0018061559633960518,0.033178090538973304,0.0018819311034589555,0.03994729361002873,0.16557049681768474,0.0,0.0,0.0,0.0,0.13901329282667674
Los Angeles Rams,4,12,0,0.25,224,394,-170,-10.6,-0.5,-11.1,-9.5,-1.6,2016,0,0.02312928206476582,0.13929548539616918,0.09187473543784765,0.0749610861857045,0.03144049769590796,0.05067021966468136,0.07284267793861524,0.0083523962857896,4.4568386580973305e-06,0.00584667740005272,0.04040006641825526,0.07948153669391442,0.01586135423080611,0.10993965894827294,0.044385576012986976,0.009491075130472782,0.007171501089319523,0.004802507589822505,0.0063986438381198685,0.05591500334262899,0.11437172773994514,0.0,0.01336383405726336,0.0,0.0,0.1300892871162951
San Francisco 49ers,2,14,0,0.125,309,480,-171,-10.7,-0.5,-11.2,-3.7,-7.5,2016,0,0.0103173617701437,0.059608230412186644,0.06912098588722244,0.05011037021687923,0.02425982120007702,0.046045391663507455,0.10191067558951633,0.02338767869177176,0.0,0.007238688044358203,0.06209376454710443,0.08703055233062883,0.008011436649505927,0.15121808873815137,0.02409145827124324,0.03969915176680368,0.00010919971355989029,0.06684878409779339,0.007178218880210332,0.04095435519882538,0.11695932595366748,0.0,0.003806460376843264,0.0,0.0,0.1653338886277696
New England Patriots,13,3,0,0.813,458,296,162,10.1,-1.2,8.9,6.3,2.6,2017,0,0.00953892437912255,0.10192426672492783,0.03549883541317598,0.04953101372680935,0.07787998964800853,0.015749453464192646,0.03822801290452493,0.027487055169885363,0.0,0.004184140620304772,0.06820709947022244,0.07612560697296991,0.01160564551617382,0.09382477223447286,0.06774350890596163,0.027448878704371633,0.0,0.06543287374956729,0.019882865197122776,0.07996611664600974,0.12134211813915544,0.0,0.008398822413020528,0.0,0.0,0.14082722121503205
Buffalo Bills,9,7,0,0.563,302,359,-57,-3.6,-0.5,-4.0,-3.0,-1.0,2017,1,0.05515374903496293,0.04463921120696881,0.09236813903213033,0.13851536713344817,0.026363818613641357,0.06069929902714533,0.01668048184675761,0.020320092729216598,0.0,0.0038979633655751946,0.09186901210152325,0.03556111007966939,0.007626421934174339,0.07139027064591556,0.07651888412507805,0.01865294835446975,0.002524075228894393,0.05027335656899052,0.008324212368626585,0.0739498060195514,0.07973128469231874,0.0,0.0249404958909417,0.0,0.0,0.23469922088672784
Miami Dolphins,6,10,0,0.375,281,393,-112,-7.0,0.7,-6.3,-3.9,-2.4,2017,2,0.0568445112459003,0.075990387145839,0.12985078723043916,0.12770416336462062,0.057890218852207506,0.03350227755031744,0.03198339113415096,0.004012848489502473,0.0,0.004041927101745244,0.04307289211916859,0.05228138491403807,0.0027140057478994934,0.19302442127120725,0.021874368612457545,0.015596389280802347,0.005675668220548224,0.021767888550146965,0.00697214977883709,0.05628296253343524,0.05891735685673648,0.0,0.0,0.0,0.0,0.15598821997502577
New York Jets,5,11,0,0.313,298,382,-84,-5.3,0.3,-4.9,-2.9,-2.1,2017,0,0.024687320396250385,0.15992261545570838,0.19080551643341528,0.028110322871297024,0.02517970726762691,0.10752171531829166,0.03618369257303817,0.010328806329670912,0.0,0.00376115441077824,0.037956604145468475,0.039518684034872596,0.003880420962204056,0.09202187376986097,0.07266396424846752,0.03788759213793126,0.002574147881138135,0.03229236081244248,0.005823171085183453,0.023992514405566455,0.06488781546078766,0.0,0.0,0.0,0.0,0.21387640308312525
Pittsburgh Steelers,13,3,0,0.813,406,308,98,6.1,-1.1,5.0,3.2,1.8,2017,0,0.0730912818233286,0.07142232788415961,0.08883184443489085,0.008832062576401936,0.07246583877311485,0.08961714775408226,0.04412873010431136,0.017266475947085944,0.0,0.00399269965317642,0.02119290073264271,0.061765850758044506,0.0037642264117184886,0.12862503036858516,0.08250555087210301,0.05281744604240038,0.0,0.009449469156243999,0.004759585806070495,0.051021867199157196,0.11068543729076372,0.0,0.0037642264117184886,0.0,0.0,0.24147836215852445
Baltimore Ravens,9,7,0,0.563,395,303,92,5.8,-2.4,3.4,2.2,1.2,2017,0,0.037130096941617084,0.1355954346930679,0.010488384779491168,0.0460746126308037,0.04008448163249547,0.06938781262529231,0.04115969371197256,0.01955464705596994,0.0,0.0065461922647007224,0.05699926335824334,0.0861982644118215,0.01951268848131946,0.16784185190067089,0.03973375679308285,0.02504066460015546,0.0032019755300437716,0.025502454403520624,0.011256479731103572,0.04795968310965886,0.11023304362634931,0.0,0.0004985177186195166,0.0,0.0,0.1998143172564118
Cincinnati Bengals,7,9,0,0.438,290,349,-59,-3.7,-1.3,-5.0,-4.1,-0.9,2017,0,0.02276060625377219,0.14290158726463667,0.08848603312715828,0.08393330949494254,0.033530506474230816,0.060232765515415294,0.05219535789879154,0.0054798963134520505,0.0,0.006462922249072451,0.022914324849466636,0.06401010546233633,0.01960522825795184,0.10389171016919417,0.04806324372039127,0.0034051745792079455,0.004791282770888918,0.026924373289656432,0.00042739397602335006,0.044391932806042575,0.1515222473296272,0.0,0.014069998197741462,0.0,0.0,0.10974026517388541
Cleveland Browns,0,16,0,0.0,234,410,-176,-11.0,0.0,-11.0,-6.8,-4.1,2017,0,0.026517729798026673,0.11426306016902972,0.07333206854626739,0.034561578938351475,0.00027574928293058574,0.16176631892554394,0.05979560646114273,0.0031104072298602362,0.0,0.00935121989567843,0.08776742222906375,0.09983750452209675,0.02010671854702188,0.1277784708389899,0.02873827749584825,0.002716187884633547,0.020210271339081667,0.006308371240136186,0.013355214379365089,0.03146933796912134,0.0746898401427789,0.0,0.004048644165031554,0.0,0.0,0.29212287321663305
Jacksonville Jaguars,10,6,0,0.625,417,268,149,9.3,-2.8,6.5,3.0,3.6,2017,0,0.06549839095543426,0.08256397303342701,0.10908503441320727,0.16316909727449622,0.046848756582845125,0.02291920865677629,0.003882237866220255,0.0036323560205242765,0.0,0.009232551278991297,0.0074493956423987455,0.07274327147463086,0.011092108189200728,0.05940352853739064,0.0824137683746902,0.04873055025099806,0.005656192890967449,0.050731800086397015,0.003377517753853229,0.06350173558800631,0.08321933565090674,0.0,0.004849189478637989,0.0,0.0,0.14797506325946058
Tennessee Titans,9,7,0,0.563,334,356,-22,-1.4,-2.1,-3.5,-2.0,-1.5,2017,1,0.032252207927944275,0.10395392575744071,0.017461813766732403,0.13253558285619016,0.005886013559439588,0.02327342829139854,0.05624836792815066,0.017471618290694796,0.0,0.008131925507050166,0.02266214940020747,0.1446222849623557,0.02046485077539335,0.06389976633605472,0.059727913483441815,0.03117830558130061,0.0009604030439493461,0.07573545154378525,0.0009195911703272662,0.046720218674744386,0.1320170593507711,0.0,0.003877121792627658,0.0,0.0,0.11028568237117815
Indianapolis Colts,4,12,0,0.25,263,404,-141,-8.8,-1.3,-10.1,-6.1,-4.0,2017,0,0.017879207604073737,0.11526283004752114,0.012885358793465262,0.11349366920694849,0.023186626135888767,0.018450970184512645,0.03340627435715664,0.017597223298941214,0.0,0.0,0.0853625304755912,0.1238681409982956,0.01355946042562052,0.14162964557496543,0.045421178501401906,0.008796237624072823,0.020473876586065733,0.0042766371808659566,0.007257760383473571,0.0848015629917724,0.11239080962936697,0.0,0.0,0.0,0.0,0.13774670627172397
Houston Texans,4,12,0,0.25,338,436,-98,-6.1,-0.3,-6.4,-0.8,-5.6,2017,9,0.01601420608567173,0.13327471505002328,0.11115552402062402,0.008839029638311348,0.0418277029156845,0.053565003376996746,0.06339774875059129,0.004489189543555725,0.0,0.005943874656972737,0.02481190389663154,0.09128379959296846,0.01251342033046892,0.08108567485914456,0.058475926469240096,0.03772015392207758,0.0036856465137448287,0.02481912414016222,0.004024347261829631,0.06755695940003255,0.14481913990707185,0.0,0.010696909668196398,0.0,0.0,0.13613561454320722
Kansas City Chiefs,10,6,0,0.625,415,339,76,4.8,-1.3,3.4,3.8,-0.3,2017,0,0.007596159702076408,0.05671329578366781,0.08798103751546575,0.056484846261142155,0.0634764125048461,0.04827964081147817,0.04142332402810848,0.012992942173918004,0.0,0.004321164231550557,0.056636319458080946,0.21434744775769066,0.029205109978755486,0.12767788060638724,0.026402873716067372,0.0463407612418008,0.0034690187246357346,0.01013238509467027,0.0017165452395676694,0.0450349232917058,0.047612983514287596,0.0,0.012154928364096982,0.0,0.0,0.16056942645300398
Los Angeles Chargers,9,7,0,0.563,355,272,83,5.2,-1.5,3.6,-0.3,4.0,2017,0,0.0057939846901644936,0.08301257287369913,0.04198924853860249,0.10539233005293885,0.015970066937195476,0.07041452768474699,0.03248907281077359,0.0060220949729826116,0.0,0.0066925206032735765,0.0604229940722093,0.11929065269983925,0.0036695058749641896,0.1244618523566138,0.033243614861158774,0.04658676279181586,0.008747917381156677,0.026960391055841422,0.007075256658323726,0.053658625612677265,0.14447479169497904,0.0,0.0036312157760434696,0.0,0.0,0.1902935258972604
Las Vegas Raiders,6,10,0,0.375,301,373,-72,-4.5,-0.2,-4.7,-3.0,-1.8,2017,1,0.043360770061908645,0.14026005216766785,0.06579669593499834,0.020940460592822414,0.036486925241762516,0.1539344395751494,0.0155350138355684,0.023564472551971628,0.0,0.004226402173837492,0.043480252579767,0.055890489650705616,0.01550694322774907,0.10378500950122574,0.024216907424527995,0.02316439949784991,0.015307809752087944,0.016425081971070163,0.007419470300211441,0.0479582807523801,0.13185485717627918,0.0,0.010885266030459152,0.0,0.0,0.27135933201488643
Denver Broncos,5,11,0,0.313,289,382,-93,-5.8,-0.9,-6.7,-3.9,-2.9,2017,0,0.0054161748397543695,0.15878557896455264,0.09306148088475093,0.026266931388612046,0.04731333497126984,0.08200806284443589,0.05576092633218479,0.014385811308832047,0.0,0.003463253001876057,0.04168729991614223,0.15560073297051294,0.0035804813798082503,0.025075850149179905,0.042176072241171106,0.024006006133764683,0.004820512739853912,0.015354174614427809,0.002226597512217534,0.03417524663626324,0.16112024269132214,0.0,0.0037152284790676437,0.0,0.0,0.15534414124631474
Philadelphia Eagles,13,3,0,0.813,457,295,162,10.1,-0.7,9.4,7.0,2.5,2017,8,0.04469492927660256,0.03212068388349898,0.13016259963032548,0.08628609480555417,0.08101928633652046,0.0558357772545721,0.007498255633396655,0.008620695450025258,0.0,0.003676834130032882,0.041548521206866654,0.0828218448521332,0.00796792266161578,0.11566334468614543,0.05093566707355805,0.057043082691112974,0.01038153682000821,0.0001251688214479279,0.004514903133008052,0.05792631098230776,0.12115654067126741,0.0,0.0,0.0,0.0,0.20363721356216236
Dallas Cowboys,9,7,0,0.563,354,332,22,1.4,0.2,1.6,0.4,1.2,2017,0,0.028352728796212156,0.09508166759174407,0.11362288796965808,0.048169903317445105,0.012020655929711663,0.039447656554354005,0.023782927203176762,0.02616186569741008,0.0,0.0076341490027320305,0.055191142790243036,0.07425401958751178,0.00969912373297922,0.08417909535847433,0.05831210805254355,0.04139544083991008,0.005744941167023973,0.0036604618118247223,0.0002503062248018721,0.10430257446469395,0.16441866947157815,0.0,0.004317674435971394,0.0,0.0,0.16463727520552116
Washington Commanders,7,9,0,0.438,342,388,-46,-2.9,1.6,-1.3,0.5,-1.8,2017,0,0.021024110056309216,0.17060563085310126,0.05061052994322856,0.042752129665483786,0.019456475582892475,0.06543781728029906,0.04725491063136309,0.005042510361512693,0.0,0.006020892525666879,0.08954614597949967,0.09617641575495671,0.008580844454632131,0.15800843634303402,0.029438222982624877,0.024234558641691224,0.007858938010663931,0.01305242547007439,0.005870664821518149,0.0677274154033137,0.07130092523813417,0.0,0.0,0.0,0.0,0.20611329677931733
New York Giants,3,13,0,0.188,246,388,-142,-8.9,1.3,-7.6,-6.4,-1.2,2017,0,0.01294203615251215,0.17282600407953383,0.16068769527051183,0.08181483029370726,0.016296980239743776,0.09348733823037142,0.012628651293460021,0.004270443571989173,0.0,0.007764442858162132,0.0005004362601536067,0.07670565965888271,0.010750767034378337,0.1287649529581673,0.04137920658550897,0.023549620887937623,0.005400683655610072,0.006515741267119088,0.006518811208372239,0.030434447932643625,0.10351163412769836,0.0,0.0032496164335364826,0.0,0.0,0.13699824273934705
Minnesota Vikings,13,3,0,0.813,382,252,130,8.1,1.0,9.1,2.3,6.8,2017,3,0.011846487843890995,0.13985588541124885,0.11420113451976803,0.09054205575048653,0.04955998445912576,0.05332323272456573,0.015493672539395171,0.01579251246180646,0.0,0.006104395436540895,0.055355198319733984,0.05230426074627234,0.005047091611505157,0.1468429097164335,0.03986465823332608,0.034294720492750355,0.0036212459008091763,0.022412147571931166,0.009382276298360899,0.055211698108560414,0.07894443185348851,0.0,0.0,0.0,0.0,0.16420191567930195
Detroit Lions,9,7,0,0.563,410,376,34,2.1,0.6,2.7,5.2,-2.5,2017,0,0.015935260503908286,0.1213329858560182,0.10963391658206482,0.08273013842804161,0.03969534113761721,0.05276683778614537,0.02178328658325659,0.03243709303825549,0.0,0.004626106816471033,0.024595411828131034,0.07807824955465423,0.024192372411053594,0.10721618293214298,0.03447807838861511,0.04326831952807549,0.0073005311693490095,0.02145714014883405,0.02063724218183646,0.03671233294097798,0.12055092599085185,0.0,0.0005722461936995817,0.0,0.0,0.15720307182809665
Green Bay Packers,7,9,0,0.438,320,384,-64,-4.0,2.1,-1.9,-0.3,-1.6,2017,7,0.023769551019763305,0.05708999882919843,0.024246174744001626,0.07677208907804038,0.030601430744807794,0.04736384087204734,0.012155813077299855,0.021366075276849587,0.0,0.008122010830427948,0.03963092407747355,0.15775216733164718,0.006457991212762351,0.12732357033076638,0.018830106127135756,0.04996763544072335,0.010639551740215494,0.041433864729585046,0.011950882740290316,0.04118744266139205,0.1882716354376846,0.0,0.00506724369788766,0.0,0.0,0.17268283415029786
Chicago Bears,5,11,0,0.313,264,320,-56,-3.5,2.2,-1.3,-4.6,3.3,2017,0,0.005234724271997676,0.11573183103420456,0.0837370040612548,0.014500826577617726,0.004013002421186673,0.10557967482213353,0.08849310981012597,0.014827026490651353,0.0,0.00778071843886759,0.034721846559927654,0.11196820511066087,0.004270910879048816,0.13823368664611868,0.0173703793868175,0.03634693754887133,0.010991430412107213,0.02711341290267655,0.012178499745242584,0.05984123721269481,0.1032954168688635,0.0,0.0037701187989306203,0.0,0.0,0.19406168294817275
New Orleans Saints,11,5,0,0.688,448,326,122,7.6,1.5,9.2,7.0,2.2,2017,0,0.05391749289161479,0.07443584632110843,0.10308793497003972,0.0532200975701696,0.03238255782647093,0.059394347400707384,0.048467456760698566,0.0033391570706094442,0.0,0.0,0.047565531885054343,0.05086023488125525,0.02906303376271183,0.1297422306781222,0.06994463059214509,0.049408233347221754,0.0,0.04717360141570366,0.0024882903800245194,0.08350327787735475,0.051668477850196265,0.0,0.010337566518791478,0.0,0.0,0.21277389590462278
Carolina Panthers,11,5,0,0.688,363,327,36,2.3,2.1,4.3,1.7,2.7,2017,0,0.050123024552798344,0.04022070637089234,0.08907926734045334,0.11761298175164536,0.031044248696130223,0.05126770356883059,0.07839282077785291,0.026520232503121674,0.0,0.005927671768809447,0.020233879595455324,0.08050162420771323,0.013679242543406417,0.13119885206532425,0.06483265034110246,0.022823132221546437,0.0029556910354070036,0.010807604753744253,0.007903569957991788,0.09094395328775778,0.05928973576724828,0.0,0.004641406892768549,0.0,0.0,0.1523513098966225
Atlanta Falcons,10,6,0,0.625,353,315,38,2.4,1.9,4.3,1.1,3.2,2017,0,0.05072141132833443,0.09796146966456845,0.12538305678770936,0.10621762824750061,0.014673311479582868,0.05206026004326388,0.02056979196799842,0.018625840081435942,0.004133379513509604,0.005291202947594477,0.0361497510726516,0.006503640013921395,0.01623437268011942,0.16427982606156397,0.03687383415783804,0.014655002714838068,0.011297175260641501,0.01544144382930803,0.004914806010640597,0.02405595514459664,0.1698080568630188,0.0,0.004148784129363851,0.0,0.0,0.15850123116972858
Tampa Bay Buccaneers,5,11,0,0.313,335,382,-47,-2.9,1.7,-1.3,0.4,-1.7,2017,3,0.05465902471217277,0.11141669748603451,0.11485039477581017,0.1510234635981468,0.030665444436790187,0.0393949566680035,0.006042718505502428,0.01572624149328214,0.0,0.0043250308696639395,0.010764735178554965,0.056918635464077244,0.026015223276174074,0.07647815506904544,0.058902836054768495,0.027966365021887128,0.007202698288552116,0.030080101913076272,0.011096975595014984,0.03735804923495472,0.1282422577654921,0.0,0.0008699945929959942,0.0,0.0,0.14388205717563335
Los Angeles Rams,11,5,0,0.688,478,329,149,9.3,-0.2,9.2,8.2,1.0,2017,0,0.010063481280653198,0.15066139761974773,0.012071142051399635,0.11060886641637457,0.022946056744540595,0.047670991124517205,0.11429031615479832,0.010706500016151798,0.0,0.005577278115415926,0.08041798914023,0.1040501976957058,0.009061011751140142,0.056448154476759396,0.04311856176542945,0.012678064642935262,0.006899889782785988,0.008280071708371407,0.005105752714426201,0.021397695981154895,0.16375177927919946,0.0,0.0041948015382630216,0.0,0.0,0.15593627890276185
Seattle Seahawks,9,7,0,0.563,366,332,34,2.1,-0.2,1.9,0.7,1.2,2017,0,0.015508855770067137,0.13475395913242516,0.11985856737076271,0.0735171135450695,0.06930851527645117,0.05847523584642146,0.06420948183269065,0.006180258231817171,0.0,0.003226430883558934,0.03155323931808499,0.05133321441744741,0.009559795210544989,0.0923061919713709,0.03991555068106909,0.014808319951910407,0.01325387932605977,0.05293105651355392,0.015480618524963989,0.07599543070468322,0.057652209177257614,0.0,0.00017207631378980982,0.0,0.0,0.135826269411448
Arizona Cardinals,8,8,0,0.5,295,361,-66,-4.1,0.4,-3.7,-4.0,0.2,2017,0,0.0135903942194179,0.12204234286025861,0.013561271364038374,0.05850118528013736,0.04782950701017007,0.0741080478955944,0.06082143009446517,0.01476219352165743,0.0,0.00511501148209317,0.015692932108565705,0.08397418278947189,0.008340639339736448,0.17377139548184525,0.025411232491639905,0.06731351213215522,0.004453812834258134,0.04042470216654558,0.003396674441540019,0.03668898147395495,0.12986043007371542,0.0,0.0003401209387389872,0.0,0.0,0.17410156079727324
San Francisco 49ers,6,10,0,0.375,331,383,-52,-3.3,0.4,-2.9,-0.8,-2.1,2017,0,0.013400360462728461,0.044283093775487815,0.08690183025781734,0.07357895071462991,0.03762635940644814,0.06262107253583726,0.08928056947148169,0.012038676125085312,0.0,0.007911130025056062,0.076058635947414,0.09008634214188589,0.004564722024457348,0.08109969055030171,0.024925411630369633,0.019882038722422394,0.007010678326360681,0.04764564048133764,0.00895231728727544,0.04516367133971155,0.13810006342593714,0.0,0.02886874534795458,0.0,0.0,0.18091442495567756
New England Patriots,11,5,0,0.688,436,325,111,6.9,-1.8,5.2,3.1,2.1,2018,0,0.019730867413060026,0.09357671397405028,0.050243770120870314,0.05751927265619275,0.08712473873952829,0.029128990338626783,0.08722366233828055,0.028436127041582406,0.0,0.0048910138511521735,0.0026900576181336953,0.026087484939160764,0.011374450816632962,0.13314083591919623,0.050532430933694826,0.05467271965649841,0.0014853667832424651,0.04430250204078975,0.019581185327538542,0.09132077364578418,0.09741093328705448,0.0,0.009526102558930105,0.0,0.0,0.12580382035385745
Miami Dolphins,7,9,0,0.438,319,433,-114,-7.1,-1.7,-8.8,-3.6,-5.2,2018,5,0.05255989458447412,0.03146916575311047,0.22805633516592755,0.0843875189379979,0.014695210929430977,0.055918390480886385,0.0296902816905131,0.002953138311477976,9.005662237448648e-05,0.003789508429923608,0.027678570746839163,0.07314742109913952,0.003267558266188299,0.06244345177700752,0.024582550582331504,0.054863295480341634,0.020725316142325055,0.036767394251893654,0.0032793050375147827,0.035653953038170254,0.15398168267213205,0.0,0.0,0.0,0.0,0.19429945633005608
Buffalo Bills,6,10,0,0.375,269,374,-105,-6.6,-0.3,-6.9,-6.3,-0.6,2018,4,0.06931040823406344,0.04347717074517055,0.10574447699938333,0.15490760803813988,0.031041794471627342,0.04911049640500941,0.019632167152229006,0.016704104648409334,0.001408768505698015,0.0030902593599557264,0.058746866087246566,0.039798080560288634,0.008383110822780942,0.08514066548796564,0.07213090187198223,0.016294698179546586,0.0030707935100054468,0.05267020235396915,0.0033018446855022448,0.05791712866508101,0.09670398170619912,0.0,0.011414471509746378,0.0,0.0,0.19676431359136823
New York Jets,4,12,0,0.25,333,441,-108,-6.8,-1.1,-7.8,-2.0,-5.9,2018,3,0.04615903544494974,0.16263323466728868,0.12436854428085714,0.02742494576250339,0.028409453068823424,0.08162654224955607,0.05077331847809923,0.006815763250634218,0.0038081733807091285,0.0031392104598356773,0.05373423309628637,0.04445159342278733,0.00367060243151251,0.10189218766865302,0.052766694495154635,0.03532879329592703,8.597477295405818e-05,0.032383484230278065,0.003874894329509528,0.021784208783808386,0.11486911242987237,0.0,0.0,0.0,0.0,0.2207234984162287
Baltimore Ravens,10,6,0,0.625,389,287,102,6.4,0.6,7.0,0.6,6.4,2018,0,0.00924246135452995,0.16193882624589936,0.01075591665897992,0.052035384872589324,0.04837812199414267,0.06939909622631298,0.07363933013482601,0.03217584327318047,0.0033127754657596366,0.006684976857372442,0.03276011025051482,0.07136758148620288,0.02081725249444927,0.1616833018015485,0.028749622577348262,0.02900593866369541,0.006892510204705133,0.03339360563198745,0.004616369409006412,0.041559281407208735,0.10159169298974038,0.0,0.0,0.0,0.0,0.14502397590405958
Pittsburgh Steelers,9,6,1,0.594,428,360,68,4.3,1.3,5.6,3.9,1.7,2018,0,0.06605555455085921,0.11921301401670145,0.0619675715852534,0.05361469388437709,0.036470357605458255,0.06208591271938723,0.09358784762847311,0.01996618538468315,0.004967624849278025,0.00449631368665994,0.025327006599667468,0.04540484109866984,0.011794530301725484,0.15405157639865874,0.013584899181443516,0.04894389907850269,0.0056663162489242365,0.03142972046975555,0.014619236813362586,0.035899562950494464,0.08196259697769583,0.0,0.008890737969968738,0.0,0.0,0.21703160976177918
Cleveland Browns,7,8,1,0.469,359,392,-33,-2.1,1.7,-0.3,-1.0,0.6,2018,0,0.03709847822372091,0.13621587299996057,0.07460248403495844,0.02665857623053564,0.009758790421210296,0.11634130586775253,0.009580003236526202,0.002809107763241843,0.0023277453901650804,0.00387472994781085,0.016634770769107625,0.11360750526726941,0.014014980662294564,0.1420451156627225,0.04205520864722768,0.03709847822372091,0.00887611045088644,0.013743969408781724,0.003750837518756166,0.03752744655340408,0.1469237524155506,0.0,0.0044547303043959265,0.0,0.0,0.21092387060305812
Cincinnati Bengals,6,10,0,0.375,368,455,-87,-5.4,2.0,-3.4,0.0,-3.4,2018,0,0.018245755143447506,0.13319602888678228,0.1160543361380658,0.10196636090044647,0.009979672180111476,0.04005520755612735,0.04605528192112802,0.008334320199222783,0.0009453394231300051,0.006266401995288941,0.08635770735420224,0.05854566847023513,0.012754623530234129,0.09908610072387203,0.03636929881152141,0.00706560116020492,0.009484376875501537,0.023178245337013615,0.0,0.05143418393825232,0.13199138242179412,0.0,0.002634107033417918,0.0,0.0,0.151724271213982
Houston Texans,11,5,0,0.688,402,316,86,5.4,-1.5,3.8,2.4,1.4,2018,0,0.035088213943127305,0.12782892661910303,0.11098159394231086,0.007873014341875099,0.06101503744652649,0.07753554452797533,0.0707276726002822,0.0032396079406131926,0.0007653028982578609,0.005607572489133149,0.004076995747397164,0.12238418873752478,0.00627970251973219,0.026664733555321535,0.05366254529458569,0.029047516041507078,0.01026664588281423,0.05229860352559414,0.004036342299589935,0.03719860786928371,0.1476106758301568,0.0,0.005810955947288238,0.0,0.0,0.1497846125595968
Indianapolis Colts,10,6,0,0.625,433,344,89,5.6,-2.2,3.4,3.9,-0.6,2018,0,0.021353670977571074,0.03900096420158627,0.10194596738652122,0.07550039361420195,0.024060089244730756,0.06724024242608437,0.009863585898725807,0.02513959931352596,0.003104808970316395,0.0,0.08066971870997254,0.030788370050092394,0.0038752745586963506,0.17910661458482527,0.02816421991028164,0.020486385917837358,0.00897928152049191,0.017272230425849553,0.006191475555086979,0.09565728413937334,0.15499660431666487,0.0,0.006603218277563996,0.0,0.0,0.19594149358655233
Tennessee Titans,9,7,0,0.563,310,303,7,0.4,-0.2,0.2,-3.2,3.5,2018,3,0.030046626809769505,0.11441882941815307,0.03271315332924694,0.13031863476272043,0.005530910796842199,0.04854826523417701,0.05844939880085008,0.016173359909325235,0.02158616680136517,0.006951803513567593,0.05932936664228949,0.10123724503732924,0.021182529080482373,0.05431616783739223,0.037775058618698246,0.04327913260308073,0.009967378552362686,0.06331596279756604,0.004250912716154008,0.0696341927547942,0.0693485767012904,0.0,0.0016263272825431316,0.0,0.0,0.18545430400547075
Jacksonville Jaguars,5,11,0,0.313,245,316,-71,-4.4,0.4,-4.0,-8.1,4.0,2018,0,0.04674899375388111,0.13936826891617915,0.12628138645590545,0.16424516575109155,0.04816384685550968,0.04689098477167741,0.014355105532846982,0.0041726470749787374,0.000956195418424838,0.006395418490318154,0.013342113707303625,0.04797769204757369,0.0037671440995013013,0.05599368187821628,0.08030887050728948,0.02832087159415794,0.004385699081745247,0.028617425803585925,0.00703950566373661,0.03844165789800356,0.08979854476584162,0.0,0.004428779932231651,0.0,0.0,0.1423424694907567
Kansas City Chiefs,12,4,0,0.75,565,421,144,9.0,-0.1,8.9,12.6,-3.8,2018,0,0.017800554909696373,0.04494514713213602,0.06824452534824316,0.020046430065783983,0.0445116619140922,0.0567778689854244,0.04274974914756528,0.003137510380990147,0.010155267474314602,0.00469213264184112,0.07886174741407666,0.1803655617928571,0.009610392157987837,0.05688414296317617,0.03283072207200959,0.04791063149349819,0.011397551990030971,0.07795130408640376,0.0011600308651877084,0.0753695287648789,0.10329119468452602,0.0,0.011306343715279808,0.0,0.0,0.20251083366788333
Los Angeles Chargers,12,4,0,0.75,428,329,99,6.2,-0.2,6.0,3.0,2.9,2018,0,0.04087300734499501,0.09932830836558476,0.11951248912002485,0.0847392114163549,0.015345493184458102,0.04787643134671516,0.0187693990147372,0.011665764455779003,0.007885232908885273,0.006035421380429475,0.0844324427928072,0.023041535375099464,0.003979514313283833,0.13046211980582187,0.02775083930431108,0.03501642621717104,0.021106686451567633,0.031023194011553377,0.0020757337084093895,0.03939879644672745,0.14594551954853244,0.0,0.0037364334867514884,0.0,0.0,0.2102740414100978
Denver Broncos,6,10,0,0.375,329,349,-20,-1.3,0.7,-0.5,-3.6,3.1,2018,0,0.022221523449433397,0.1409591485730459,0.08615125175974567,0.029086373286782805,0.004434285969260786,0.07454583359863085,0.07009744675911125,0.01927100582030626,0.0037842749429418555,0.003468781047655127,0.020765967861820677,0.12073890806604796,0.011459784417129928,0.10542668991139059,0.011684825717097802,0.0766780878026228,0.013240816281044296,0.03723763984666094,0.004040672922380199,0.01663241970338993,0.12437931118553708,0.0,0.0036949510779639046,0.0,0.0,0.19825208563488791
Las Vegas Raiders,4,12,0,0.25,290,467,-177,-11.1,1.8,-9.3,-5.2,-4.1,2018,0,0.015553174450146225,0.06540201542864842,0.06953828769176394,0.07234079418142662,0.03869774600902441,0.127792026126739,0.01271841552935383,0.006716858098644997,0.002118787375453637,0.010352555187814728,0.013693340161448995,0.06291128243990642,0.0038261703650563175,0.14630814180673335,0.04121049495786155,0.051110202308280055,0.007656617573554174,0.021642376422858992,0.009426414524178217,0.06622709400222912,0.1445867039355463,0.0,0.010170501423330702,0.0,0.0,0.21757515757079252
Dallas Cowboys,10,6,0,0.625,339,324,15,0.9,0.2,1.1,-1.9,2.9,2018,0,0.04310541774753502,0.055378104919161536,0.17812866737302077,0.04737276789370549,0.009941126620440416,0.06051974788503268,0.021221900655805825,0.007356657962245976,0.013123254769398946,0.004138120103763362,0.10083794058406692,0.07689577196199482,0.009770561356107937,0.0636805072415665,0.04617048307666931,0.033095379932588875,0.008729318379776547,0.015272852983800121,0.01818186520591027,0.018002581152414723,0.15965125418086631,0.0,0.009425718014127657,0.0,0.0,0.25574035135513373
Philadelphia Eagles,9,7,0,0.563,367,348,19,1.2,0.5,1.7,0.0,1.8,2018,5,0.044433130010436084,0.03928660332969617,0.15532590705273291,0.11944729121992655,0.034256901016861636,0.06195370166712372,0.0244476527914035,0.0032350825360486996,0.0007531038984819675,0.004692326921656222,0.06217575656660259,0.0326284537318554,0.004298870937542191,0.1254398823329951,0.031126617668048286,0.029041166885760444,0.002624316440175332,0.058777952293479416,0.010832076401760971,0.05043504165859499,0.10478816463881784,0.0,0.0,0.0,0.0,0.20843583153168382
Washington Commanders,7,9,0,0.438,281,359,-78,-4.9,-0.1,-4.9,-5.6,0.6,2018,0,0.01301603418277447,0.1286251788647814,0.050412136123859266,0.048691881359575584,0.04230766390592857,0.05391430240918076,0.03562580531687499,0.009255371337105998,0.0,0.006668032984408792,0.09544820700484648,0.10521834918044316,0.01012758816592133,0.12961065685245116,0.0437076496092464,0.03374273944523595,0.008439597003937652,0.012173355188244202,0.007410304176265498,0.09560601219005124,0.06999913469886711,0.0,0.0,0.0,0.0,0.20353158721830317
New York Giants,5,11,0,0.313,369,412,-43,-2.7,0.5,-2.2,0.8,-2.9,2018,0,0.013968429504550985,0.11365466207775328,0.11012805521032182,0.051556876140617956,0.017086715628660536,0.042094473518082286,0.034747770658810066,0.003290428277489104,0.0028170768338163293,0.005936339675882404,0.05848610518110743,0.14305197177072215,0.009622134024395794,0.1381940632368847,0.0649495625771556,0.03538153194316306,0.004416958392435005,0.012286983223646738,0.004793936431990351,0.04257558606791259,0.09036802159438012,0.0,0.0005923180302216655,0.0,0.0,0.15472447657889413
Chicago Bears,12,4,0,0.75,421,283,138,8.6,-2.3,6.3,1.5,4.8,2018,0,0.01566628211683704,0.11452187805016185,0.09288660937669918,0.024979947263202348,0.004020070278136313,0.06662861845553439,0.05047079437322891,0.021244076761343756,0.019439709360301257,0.0035104966189236897,0.03956273967358444,0.13540162098462988,0.008358325283151643,0.08644252446654549,0.017103356843853577,0.031483025233204516,0.00814672034806652,0.01745071769818765,0.0003759407545855946,0.0865762966765939,0.15177025874722702,0.0,0.003959990636001018,0.0,0.0,0.153716606233746
Minnesota Vikings,8,7,1,0.531,360,341,19,1.2,-0.6,0.6,-1.2,1.8,2018,0,0.03498532733251885,0.11710572602022104,0.10115601253337968,0.12553260307434846,0.055338422888110056,0.032310691146282634,0.021603621842812004,0.01057163766870577,0.0021789453149672297,0.004704783195910092,0.05798327398202708,0.07311489433550308,0.002822869917546055,0.13464326568879129,0.042939045612196615,0.0038718483789061692,0.0034131599916915056,0.021387690096002093,0.00767764160174176,0.051267859725764954,0.09354437013893535,0.0,0.0018463095136382307,0.0,0.0,0.13682878244147648
Green Bay Packers,6,9,1,0.406,376,400,-24,-1.5,-1.2,-2.7,0.0,-2.7,2018,0,0.028284125436329206,0.062047791759570294,0.09393823851443525,0.018978238203112896,0.024490675030617918,0.04397142119930475,0.02671466705166258,0.029869195453819698,0.002903854735167538,0.002840901849892011,0.06300977898115298,0.13277696561380845,0.0032701421013603695,0.1259124271146116,0.013659626851935633,0.047043982839766026,0.009086584755509086,0.005475632289335352,0.012895959709425184,0.08229370706459611,0.16868195171444858,0.0,0.0018541317301384985,0.0,0.0,0.19520526816597816
Detroit Lions,6,10,0,0.375,324,360,-36,-2.3,-0.8,-3.0,-3.3,0.3,2018,0,0.005127479246516994,0.08251915310981071,0.11627500449211069,0.06910555731329808,0.050221632256895556,0.09839099073881594,0.023423842948585103,0.018233975016924264,0.0004953544219207115,0.004245604441057838,0.017125525977528245,0.08782998067324006,0.016666992788907334,0.15636606815429083,0.050917640177643136,0.03763610394519058,0.008505796062129216,0.030710623705309425,0.0012076646559568578,0.028843635607092164,0.09396300666076851,0.0,0.0021883676060077436,0.0,0.0,0.15948776456400862
New Orleans Saints,13,3,0,0.813,504,353,151,9.4,0.6,10.1,7.9,2.2,2018,0,0.048280354399776695,0.05775448523539923,0.11807854905913732,0.05901144238976581,0.03419098554089943,0.08544478849971211,0.027917357622214683,0.0035791484131044464,0.0016058786751406054,0.0031530593163062977,0.05709593897095188,0.06788639537509487,0.01505514808686791,0.1538965643379424,0.05472933786595174,0.018551998811222783,0.00042043631478062626,0.033708499291249076,0.003678222649891952,0.07504676583490817,0.0752334553523733,0.0,0.0056811879573086446,0.0,0.0,0.21305130333155545
Atlanta Falcons,7,9,0,0.438,414,423,-9,-0.6,0.4,-0.1,2.5,-2.6,2018,0,0.06513236433006145,0.1515170383996035,0.09540186452362354,0.06153521203373593,0.0397024981724382,0.06981232532810223,0.013500744632171723,0.014544844369636035,0.0036346116555121466,0.008556529593590542,0.053258784006662965,0.010023842349456536,0.015548081445641725,0.12889090594213468,0.0427756052629127,0.037430566443211556,0.003469082173602898,0.014789974269998285,0.005408734126690121,0.01966220745003483,0.1426304863809575,0.0,0.002773697110220914,0.0,0.0,0.23104277423472833
Carolina Panthers,7,9,0,0.438,376,382,-6,-0.4,1.3,0.9,0.1,0.8,2018,2,0.07469652567115216,0.06094750404666147,0.09415261734518478,0.1413674481620465,0.02670508917176305,0.05477778256089572,0.05435540836373136,0.019985253693765245,0.0,0.005720582553545181,0.04130398331429157,0.04339335695697152,0.008296200290923343,0.1213355459642925,0.05415814857916698,0.03288572585438215,0.00588495576636809,0.025295277357619213,1.0844706262644894e-05,0.05111268394295973,0.07996094734517172,0.0,0.0036541183528450657,0.0,0.0,0.20367486210698424
Tampa Bay Buccaneers,5,11,0,0.313,396,464,-68,-4.3,1.7,-2.6,2.0,-4.6,2018,0,0.07569738247561415,0.08694388082001893,0.16949234244225694,0.11422986199232373,0.009382041535077408,0.022727692802865594,0.01698106874551391,0.02413403168640298,0.00012006263098740888,0.0033175200667573505,0.010168462299854672,0.06212284865274404,0.01579771460360643,0.06653814664140113,0.023946639195775,0.02529279931848238,0.00762193389661173,0.018545537486328527,0.0047164182267164356,0.05769148965423995,0.18453212482642128,0.0,0.0,0.0,0.0,0.1386027551235332
Los Angeles Rams,13,3,0,0.813,527,384,143,8.9,-0.4,8.5,9.5,-1.1,2018,0,0.04976483000921542,0.11690732560280795,0.08336876130677343,0.15259818653992147,0.06367074506796022,0.04889297719573362,0.10449578425647277,0.020889310105836282,0.0,0.0075051413553902805,0.051002527887270686,0.02434391555299449,0.014891039913053327,0.04923879187193413,0.05025657243018456,0.017451871974608027,0.009859632063947452,0.005018093172405016,0.005489265946696418,0.015639902917494168,0.10811978352370412,0.0,0.0005955413055961691,0.0,0.0,0.1726014730135242
Seattle Seahawks,10,6,0,0.625,428,347,81,5.1,-0.6,4.5,3.0,1.5,2018,0,0.03928968147581482,0.0748021950834923,0.06903505819818209,0.05771536744539819,0.06347553646025526,0.026282687508660973,0.08100877004936956,0.011498983589717772,0.0033767121979431727,0.0035952157129142412,0.04972953734327449,0.06730312294874753,0.0065771732255794305,0.14678818921875958,0.03160772128842328,0.016496829912838445,0.008888999649432228,0.08056335135599753,0.005137112425117434,0.021519888399482382,0.13120240979434003,0.0,0.0041054567162592814,0.0,0.0,0.13693584866570616
San Francisco 49ers,4,12,0,0.25,342,435,-93,-5.8,0.3,-5.5,-2.5,-3.1,2018,13,0.04783933985303344,0.06089849123753127,0.05520059255958736,0.06053295553282938,0.04577262518179263,0.04946399092751379,0.06019833101562979,0.011288779724103328,0.0,0.005273997473450684,0.05493872799063619,0.06068009599637105,0.0037807377604880277,0.20429620250818523,0.045641444544163114,0.030348414238269946,0.009349111488495297,0.01910405711668982,0.009629148484184552,0.04154046166322629,0.10164493525561216,0.0,0.022577559448206656,0.0,0.0,0.19221962149363792
Arizona Cardinals,3,13,0,0.188,225,425,-200,-12.5,1.0,-11.5,-9.6,-1.9,2018,0,0.01580474674281873,0.10796551881939133,0.11166779863851896,0.04092797529737676,0.09096249600027648,0.055245529572878135,0.012664540524710867,0.02143636092531133,0.0,0.005110890359202165,0.02004262473884796,0.08531987063221792,0.015195320417316761,0.1331545484608031,0.036317926169040775,0.03789602453231999,0.009641438033769606,0.008977088793708832,0.007414379487567762,0.05029167005489059,0.13023194038770836,0.0,0.003731311411323606,0.0,0.0,0.13640330507443257
New England Patriots,12,4,0,0.75,420,225,195,12.2,-1.8,10.4,2.8,7.6,2019,0,0.025998106442631216,0.10028071033320742,0.05122244949084112,0.03536022041335587,0.09783480770283395,0.04816698285361345,0.10593275511715054,0.015720215608355705,0.0010992081499022607,0.004897723557066149,0.013336337133688165,0.023594842213989112,0.003421970214486495,0.12539343144087328,0.06353066982954644,0.03762516369743501,0.006038262339582437,0.0473605560022969,0.007770220473513247,0.028403088720898053,0.1485396832050859,0.0,0.008472595059647273,0.0,0.0,0.13289681060088107
Buffalo Bills,10,6,0,0.625,314,259,55,3.4,-1.3,2.2,-3.5,5.7,2019,0,0.09052945383074225,0.04314410091744122,0.14970458480111898,0.12409855332102167,0.030719947366261352,0.04056510698976797,0.01645930730797743,0.02874822444281867,0.013819256769831171,0.004862561501177309,0.0065266044154678494,0.03519507140834603,0.0032664971966732278,0.051635105810797034,0.047637033375941384,0.046709159390286734,0.006765190286018556,0.04155344835785492,0.003030211031679548,0.08508104519924252,0.1176501160118504,0.0,0.012299420267683782,0.0,0.0,0.18736053565794436
New York Jets,7,9,0,0.438,276,359,-83,-5.2,-1.1,-6.3,-5.7,-0.6,2019,0,0.05067521776189809,0.12315467564801708,0.1312510637590703,0.047504834361653,0.021194742025787156,0.08044491976312428,0.13978566078162574,0.005302902471979093,0.0033424525732517955,0.0040856413461768,0.050407263361921556,0.02164113813806489,0.0039208944914268734,0.05098031966195849,0.07311492899025343,0.017789747303772523,0.0025921484171511763,0.03611052186199358,0.009214919979026546,0.01631798786429747,0.10760426306005633,0.0,0.003563756377493798,0.0,0.0,0.20853206816974298
Miami Dolphins,5,11,0,0.313,306,494,-188,-11.8,0.2,-11.6,-2.4,-9.1,2019,0,0.023398223995039085,0.1480070190848545,0.05694833556751386,0.1034050208424421,0.07254830087207148,0.039855629863240045,0.0036100556586471434,0.0033728203084748,0.008869504654853318,0.0037551643110549393,0.013996680833024031,0.04220083807870887,0.0036774096512445197,0.14533185709858765,0.01970996988443567,0.012204284010928552,0.01860077400195058,0.09781207342791397,0.015501619827108253,0.0303241409471338,0.13392508464268374,0.0,0.0029451924380890756,0.0,0.0,0.10495643852933996
Baltimore Ravens,14,2,0,0.875,531,282,249,15.6,0.1,15.6,11.0,4.7,2019,0,0.00691515648068987,0.22018007327920824,0.013779499537982525,0.10100124598660916,0.046045718177881785,0.061944452161122106,0.03233206138570974,0.024722609148046495,0.00011700874784973731,0.006528846061096921,0.0553482372675551,0.026705169377016745,0.020786352777443777,0.10623572322907075,0.025982893610494596,0.029434685877452495,0.00890471039645537,0.08016258001094752,0.0008005692745279239,0.03598417094502869,0.09092847938562404,0.0,0.005159756882186431,0.0,0.0,0.1544431010613475
Pittsburgh Steelers,8,8,0,0.5,289,303,-14,-0.9,1.2,0.3,-4.3,4.6,2019,1,0.039564718921998226,0.10303651227243706,0.06279378144113991,0.09123967674240957,0.011541250548333562,0.08724455412593368,0.06323327675958747,0.020356422786783353,0.006503686740930494,0.0034882887898476495,0.04064825409280803,0.06805878652248658,0.007391616117849589,0.1367576158997637,0.01462048418427062,0.011499240892643606,0.018346121957194154,0.013727065597353056,0.008543439386566199,0.0440121030249234,0.13921742634353465,0.0,0.008175676851205429,0.0,0.0,0.18750020741994977
Cleveland Browns,6,10,0,0.375,335,393,-58,-3.6,1.7,-1.9,-0.4,-1.5,2019,0,0.05017548001326735,0.10674287698819132,0.13873871025765977,0.059557918524053656,0.05374976535678255,0.08406874537584769,0.051849118280858066,0.0028422140159629255,0.009690592733267413,0.003783715152259588,0.032933202870834885,0.02391974944153657,0.002342298289404941,0.055996201695218135,0.03138245309101538,0.04145048198632204,0.018983768468331285,0.011985681538213604,0.002234328449948351,0.038255442407745,0.17818919091850643,0.0,0.001128064144773045,0.0,0.0,0.2108622386962203
Cincinnati Bengals,2,14,0,0.125,279,420,-141,-8.8,1.5,-7.3,-4.4,-2.9,2019,0,0.03720867683071647,0.12716752307971468,0.07973448085744944,0.09670938735778963,0.006488066383256753,0.04374257599624894,0.03087766490771042,0.009953775176313068,0.00511147711855521,0.006001461404512497,0.05001217837093747,0.02678701474717484,0.01486848546163006,0.09588243463674569,0.04665825896166467,0.03538699539867954,0.014849610595176768,0.02405991283791046,0.02114158057872157,0.06541623208561743,0.15991468646870663,0.0,0.0020275207447677354,0.0,0.0,0.18749200717530398
Houston Texans,10,6,0,0.625,378,385,-7,-0.4,1.0,0.5,1.0,-0.5,2019,0,0.048890481948512594,0.14799307298038133,0.10480452247123008,0.026169411576666853,0.007461277556104705,0.07765541590657908,0.04742304439435109,0.015622905483249126,0.00018676817540556306,0.004946832753985183,0.025050801448489167,0.1310952425017171,0.004893033423891332,0.04037890598633192,0.06645861331313033,0.01340818826813586,0.005287932015738035,0.043120733470324926,0.005457941533242343,0.021550362018306957,0.15951567498856525,0.0,0.002628837785661167,0.0,0.0,0.17046282910495905
Tennessee Titans,9,7,0,0.563,402,331,71,4.4,-1.0,3.4,1.8,1.7,2019,0,0.029669806638146657,0.14961152147726642,0.009604508809179091,0.1284808724670377,0.02054565620619223,0.06652833632149306,0.038180281382989886,0.021682057522195177,0.02951185543522495,0.006433733546569995,0.06742347262949963,0.040154397427704026,0.014971450180539038,0.13747601842310764,0.039381288952343364,0.03382621668789215,0.009412374591349465,0.024101131187860784,0.00030105103510933557,0.04169235910675322,0.08708529215277062,0.0,0.003926317818775578,0.0,0.0,0.19774888331214083
Indianapolis Colts,7,9,0,0.438,361,373,-12,-0.8,-1.1,-1.8,-1.0,-0.8,2019,1,0.018979847748735786,0.11650215890242278,0.13000570951929707,0.06443708894434025,0.019807887148845238,0.060852718981360236,0.004290298551500401,0.020367798825186495,0.007451916050504942,0.008006095974059678,0.056348637269655694,0.01670731995621104,0.01531867025864667,0.15949422625855472,0.019205803234475013,0.013520419512085869,0.013718261872280516,0.016254414597016067,0.0015701280055419725,0.07343891378348452,0.16372168460579503,0.0,0.0,0.0,0.0,0.15127175151737954
Jacksonville Jaguars,6,10,0,0.375,300,397,-97,-6.1,-0.6,-6.7,-4.6,-2.1,2019,8,0.03722234548873524,0.15627634926680473,0.13120830180432977,0.09040558266745319,0.03517851398567826,0.09972201189765922,0.03840953872566367,0.011152504016095419,0.0054520629715616555,0.00272908333570335,0.013902811222971047,0.0242334203030963,0.003085464881685919,0.1504902412467158,0.055306311815016815,0.010098012456365565,0.0038050559302274995,0.005680560722080602,0.010311925355750052,0.03779933143651195,0.07753057046989394,0.0,0.0,0.0,0.0,0.17125710642148112
Kansas City Chiefs,12,4,0,0.75,451,308,143,8.9,0.2,9.1,6.2,2.9,2019,2,0.014681754945056304,0.05578555789503675,0.08515252709913064,0.04470295489435333,0.03563413507379107,0.06693391188437829,0.05056922471044191,0.008077738376431762,0.004252073435326161,0.005585350698945381,0.04226048703945796,0.06258191472332196,0.019256445443657677,0.05671769286915634,0.04485923661036189,0.03861699461743957,0.02165092732856964,0.07026731524479674,0.028341228556862733,0.07854264290939549,0.16111565686588963,0.0,0.004414228778198769,0.0,0.0,0.19083437704319484
Denver Broncos,7,9,0,0.438,282,316,-34,-2.1,0.0,-2.1,-4.8,2.7,2019,0,0.015845840838632212,0.12802535329266101,0.08870569507141225,0.022034583462394428,0.027445351423041435,0.06097306867049058,0.060372974015168834,0.021950332598299007,0.002092003886196635,0.005487583149574752,0.016510491422125555,0.18221847456876994,0.004957120436837959,0.08762058037941534,0.02790572123620871,0.05475693751922883,0.008058894498387844,0.04419382835119775,0.005944161042785671,0.04293524566825963,0.08588967043962702,0.0,0.006076088029284598,0.0,0.0,0.15403049949326286
Las Vegas Raiders,7,9,0,0.438,313,419,-106,-6.6,-0.3,-6.9,-2.5,-4.4,2019,0,0.06130863629024052,0.06940766025618109,0.05953537932152695,0.07242410070098032,0.06526121840366653,0.0630452998219385,0.011388523297838894,0.003388283130306561,0.00113538992992738,0.0034652875961728486,0.0,0.051328914113667044,0.0031777900107563682,0.14925832853862667,0.044019750475960136,0.11597668420514175,0.03374043686025954,0.022359040503910108,0.012529168913953802,0.03924350415379981,0.11455094360301037,0.0,0.003455659872134815,0.0,0.0,0.25285978923127456
Los Angeles Chargers,5,11,0,0.313,337,345,-8,-0.5,-0.8,-1.3,-1.6,0.3,2019,0,0.05818146210572025,0.07430258078107102,0.15605618526467727,0.06464131548712534,0.010863807281447275,0.0476901476164356,0.0291150035142787,0.006444790712609375,0.007675247252920655,0.0035307373664703644,0.08746043849520148,0.04122290141417547,0.003006330525187623,0.14701116400686806,0.03572754770702454,0.009155185695546733,0.028430784635982226,0.005431903640723637,0.006025442319641869,0.0385673795218167,0.13537256085391525,0.0,0.004087083801160561,0.0,0.0,0.20851267623254593
Philadelphia Eagles,9,7,0,0.563,385,354,31,1.9,-1.7,0.3,0.7,-0.4,2019,0,0.02048770163186068,0.05720900302654226,0.0758898975119504,0.1427639792745581,0.1015086081289569,0.08585181404964837,0.018502973769464234,0.0037860467085815102,0.0065667307255986695,0.004226284697951454,0.05087195326475768,0.04539028591631889,0.0033898325181485616,0.09869536411024595,0.03604302378953938,0.04494484137899467,0.006299975853239775,0.006480989974788979,0.019342466526313707,0.05001239739527265,0.12173582974726718,0.0,0.0,0.0,0.0,0.2214987768515751
Dallas Cowboys,8,8,0,0.5,434,321,113,7.1,-1.8,5.3,3.8,1.5,2019,0,0.0756381394431293,0.07472728639796954,0.14377135646334543,0.09028201997474243,0.009349099621408436,0.09313335026763649,0.02958300005941848,0.0034738808845268645,0.00026502528070954394,0.00403032320867158,0.08523996500516967,0.06540062498413916,0.012611895755026713,0.01634139783277622,0.040894110369704674,0.023396086544100827,0.008222818946453993,0.014805268929813967,0.014456199072479511,0.03147284877084574,0.1535834661950856,0.0,0.00932183599284583,0.0,0.0,0.2918637403325158
New York Giants,4,12,0,0.25,341,451,-110,-6.9,-1.0,-7.9,-1.8,-6.1,2019,2,0.01920281512239136,0.11180431161909885,0.03691619678865726,0.0362181290693726,0.029978913425091954,0.05537153329035845,0.06920890310450296,0.0033142711529271303,0.006592640270899995,0.004833723170409793,0.061660858659109405,0.10884885527951885,0.004568905197683582,0.1547947093174552,0.04517232370446271,0.015774903006955488,0.012028759199979956,0.0,0.002421570933284986,0.05135935884710308,0.1665729404487032,0.0,0.003355378392033203,0.0,0.0,0.1544316810120997
Washington Commanders,3,13,0,0.188,266,435,-169,-10.6,-0.2,-10.8,-6.3,-4.5,2019,1,0.008227663730395296,0.12829941608260328,0.04450129217546436,0.03677881605319257,0.0073816595356734,0.09414605201788653,0.036238689222541455,0.017856356513072456,0.0031928669553713466,0.005992981839033922,0.01952012453266783,0.10308410969806411,0.011072483767268217,0.1660482370762274,0.04867912299683683,0.04943864002085259,0.011202242204536833,0.03084968922804448,0.006823982818251169,0.09636394248761485,0.07199106388554072,0.0,0.002310567158860346,0.0,0.0,0.17815646312005343
Green Bay Packers,13,3,0,0.813,376,313,63,3.9,-0.7,3.2,0.6,2.6,2019,0,0.045290692137178463,0.07362090911531977,0.04438818863686864,0.01958261180448462,0.03374069054844564,0.062204039843281114,0.014814869706933733,0.025292480550225867,0.004692453944622307,0.0030733492835190437,0.07405221109550666,0.16223351105881378,0.003256148731091635,0.15844217865422383,0.014232308263167603,0.04666032950094541,0.015622111817096962,0.003363639165957873,0.015926075283866244,0.08461882539561338,0.08900991813074363,0.0,0.005882457332093769,0.0,0.0,0.2441333478607779
Minnesota Vikings,10,6,0,0.625,407,303,104,6.5,-1.1,5.4,2.5,2.9,2019,0,0.016578737735610957,0.14414538751285194,0.12207415305096869,0.07896096448611067,0.05627772675990987,0.037645836203388336,0.030187472101625742,0.01148594374776836,0.0045761016345381485,0.0032648620118564866,0.06509893323343993,0.037279434173788394,0.0033766636055945925,0.15725480494650332,0.01974399078867109,0.017476197335466896,0.005606696012927229,0.01852006802223394,0.0008114462928173052,0.03243079652274847,0.1322272674695291,0.0,0.004976516351650564,0.0,0.0,0.13761115080072342
Chicago Bears,8,8,0,0.5,280,298,-18,-1.1,0.2,-0.9,-5.4,4.5,2019,1,0.009429226555005618,0.18072729346422461,0.011572898020089206,0.09255780436278344,0.017772967738246468,0.05296093377006929,0.05773984964484907,0.02492316937447947,0.025754156785443464,0.004461468796552871,0.0217595811170716,0.10978576541248794,0.009023199005571284,0.0780840080170631,0.020438819932690654,0.02653914228729542,0.01619599145095096,0.0012577792553220579,0.00032446876763488546,0.0760218898651735,0.16266958637699508,0.0,0.0,0.0,0.0,0.11101335249707679
Detroit Lions,3,12,1,0.219,341,423,-82,-5.1,-0.1,-5.2,-1.2,-4.0,2019,8,0.0058398664185354285,0.14376629428467422,0.05607841958969254,0.08769842797808058,0.014331341463426371,0.06396178434253887,0.03781523849805517,0.019249550716901674,0.009581848860352148,0.004161299934389039,0.02339055369854951,0.04057132123011038,0.013338806320300102,0.18111628812679956,0.03560664129655145,0.06785299609547209,0.012381373299069359,0.03229664141935226,0.008805933440749224,0.04076015366101062,0.09870731963429998,0.0,0.002687899691089438,0.0,0.0,0.16985113399584514
New Orleans Saints,13,3,0,0.813,458,341,117,7.3,0.0,7.4,5.0,2.3,2019,0,0.018381463626295908,0.09502014007179806,0.08926421662200176,0.05131555863251282,0.02552921892866411,0.11359937539929629,0.049763115444135794,0.01011238817741112,0.00510264188429728,0.0034328896707527226,0.0859261066400192,0.0564590598873564,0.02261981565999856,0.15618317424533124,0.021637311991609995,0.016818333240308233,0.008837130871286505,0.01774412237795022,0.006576400048034908,0.05301613234076021,0.08618947580663554,0.0,0.006471928433543117,0.0,0.0,0.24130167895395457
Atlanta Falcons,7,9,0,0.438,381,399,-18,-1.1,1.1,-0.1,0.3,-0.4,2019,1,0.07114779487845872,0.10370311809664508,0.1354927948618777,0.09250322932130008,0.02253238763791757,0.0752309676342539,0.027411486864537475,0.0216410891516726,0.0032989588281799164,0.005051194370311289,0.041190376703124136,0.016379128706081648,0.01680001498423971,0.09768232270955912,0.05147499372838902,0.034655928222061615,0.007788168224403253,0.026754053890040895,0.0031144781313819417,0.035394464316659754,0.1063658166245917,0.0,0.004387232114312858,0.0,0.0,0.22533954556928032
Tampa Bay Buccaneers,7,9,0,0.438,458,449,9,0.6,-0.2,0.4,4.9,-4.5,2019,0,0.055075101176880206,0.05497303022281099,0.12913842241291928,0.041048312442213006,0.005028658541313334,0.07574371507711546,0.020264055617006723,0.004171315517297185,0.0307102826626269,0.0026765440623119354,0.06758949652302867,0.10337766450907657,0.014058615276789964,0.1260571145953094,0.02709843514742929,0.030240076053215492,0.02204316256596505,0.0,0.005756829926734391,0.06346511515211709,0.12148405251783906,0.0,0.0,0.0,0.0,0.23440521875697423
Carolina Panthers,5,11,0,0.313,340,470,-130,-8.1,1.1,-7.0,-1.9,-5.1,2019,0,0.03597142518365381,0.05849855077160116,0.09844384666494986,0.08909030419135112,0.019448336612137403,0.03988373222471814,0.06403966282312436,0.022129643048284818,0.00076920489826406,0.006382764049425179,0.0332355270211452,0.1548930882930206,0.0076374954437566245,0.13308633127532835,0.034802686532665175,0.03401413149415897,0.008445351524319982,0.028095072525247584,0.012118092154729221,0.05312968060839634,0.06236636940170561,0.0,0.0035187032580164448,0.0,0.0,0.15522290807840536
San Francisco 49ers,13,3,0,0.813,479,310,169,10.6,0.4,11.0,6.7,4.3,2019,0,0.03864905425185815,0.09563147242088332,0.1771428760221132,0.04348041320271515,0.02306382114315427,0.04149714411726198,0.06981346564064453,0.01820287238985051,0.00010876937643164576,0.0012036600478219973,0.06899627678345623,0.04936392099208222,0.003109072920036865,0.09766141263294037,0.05809451253012113,0.01889224363355958,0.00447942656929771,0.022546985322809902,0.012038658032257472,0.021549334473949442,0.10796207199154068,0.0,0.026512535505213652,0.0,0.0,0.1800733768183934
Seattle Seahawks,11,5,0,0.688,405,398,7,0.4,2.3,2.7,2.9,-0.2,2019,0,0.04609478523639585,0.03405449935726543,0.11741484991938424,0.043566931007156064,0.0020249995289202,0.04224804277971393,0.08572462489986986,0.013521234211335938,0.010101811432175402,0.004732431973967579,0.061014569378653426,0.06524165874520653,0.006720253517300289,0.14635619720674667,0.027323915617027676,0.014223299959537977,0.015616874076269842,0.08988914340298658,0.02121403224600183,0.038449933498243355,0.1119888218983246,0.0,0.002477090107516744,0.0,0.0,0.184794729600303
Los Angeles Rams,9,7,0,0.563,394,364,30,1.9,2.0,3.9,2.2,1.7,2019,0,0.015606653351373527,0.10229769341596945,0.06659407379480854,0.10603899001402745,0.03178035551572982,0.021901291357623646,0.04316596719153249,0.014228298660442978,0.006709734115092238,0.006906941097302417,0.09205111368485225,0.09948706016357349,0.012084384143840308,0.06501131785182086,0.06877331317095925,0.045862088886088045,0.01551562539326396,0.004787548984371609,0.006971451927151221,0.023517150887902474,0.15070894639227397,0.0,0.0,0.0,0.0,0.1823925992070887
Arizona Cardinals,5,10,1,0.344,361,442,-81,-5.1,1.8,-3.2,-0.3,-2.9,2019,0,0.012951150637610648,0.10093701368816789,0.03442881737997953,0.04658098323305789,0.03606223639487166,0.09403875567560235,0.06341684527356371,0.003359026378548722,0.00013713680872298216,0.005461672735663523,0.05012500603648287,0.12029702521447162,0.010718861485662371,0.12799561162212086,0.06475786755194424,0.041108629314289866,0.009618704833691557,0.013153166129471552,0.008971568872641014,0.05028072945783382,0.10559919127560131,0.0,0.0,0.0,0.0,0.20719511053662676
Buffalo Bills,13,3,0,0.813,501,375,126,7.9,-0.2,7.7,7.1,0.6,2020,0,0.05490125418612458,0.09270309338880982,0.14497549071159269,0.09724326169499965,0.03621487557452,0.07062708719688347,0.037611328050196735,0.0070486651952378,0.0004688842613886513,0.004467790106465102,0.06434089735238942,0.0415423372327014,0.0034367616203577703,0.04027774642687455,0.02538984172264716,0.007814797260345608,0.004801082666058571,0.04133775826931357,0.0009478588548946731,0.04685676210846957,0.17153179682228223,0.0,0.0054606292974470165,0.0,0.0,0.19863189485063776
Miami Dolphins,10,6,0,0.625,404,338,66,4.1,-1.2,3.0,0.3,2.7,2020,1,0.015574119588467376,0.17330265830531075,0.10671008691946783,0.0405046721549908,0.05137978909961415,0.06450192661687863,0.03533078145737682,0.0038114937576950265,0.0007453965917206553,0.0039062484394662956,0.02250818749844548,0.08247975330126382,0.010520077879352344,0.09233029949182106,0.05835767833728004,0.023945137414090777,0.026731611600519962,0.08650828223339901,0.0014406884149573253,0.022712246430550646,0.07345388158889357,0.0,0.00324498287843762,0.0,0.0,0.12797005953283958
New England Patriots,7,9,0,0.438,326,353,-27,-1.7,0.7,-1.0,-4.2,3.2,2020,0,0.02245566270200469,0.2215395997797456,0.08074112166440796,0.043595099875475773,0.06099664042184194,0.14453782130308498,0.005046546463977875,0.012955257815038514,0.017517393980927602,0.005786242569660896,0.02429243039889542,0.021777831173128964,0.004003463730524311,0.08777637291141824,0.06379133129140405,0.02019396513758849,0.008179089608024069,0.011251027218785075,2.6788160044726368e-05,0.01582615028466385,0.12302223550152987,0.0,0.004687928007827115,0.0,0.0,0.21150666770161833
New York Jets,2,14,0,0.125,243,457,-214,-13.4,1.9,-11.5,-8.7,-2.8,2020,4,0.04793028471663661,0.10176716334641833,0.10699935263665834,0.016325596840118615,0.016055101835246006,0.031213693415509385,0.10498669774443221,0.0058469551481692625,0.0026605716623295866,0.005205515134791417,0.06317208782620203,0.04175187524162152,0.0035850930682270045,0.059761779517732476,0.09761581982131834,0.023550846367719484,0.004358133983701992,0.04860055232488197,0.0017227515351351805,0.02921384957000445,0.18341260520092662,0.0,0.004263673062219183,0.0,0.0,0.16758966386120266
Pittsburgh Steelers,12,4,0,0.75,416,312,104,6.5,-1.8,4.7,0.3,4.4,2020,0,0.04178867809147722,0.11583166612260908,0.10051490072533176,0.06568918214101588,0.017590038664056184,0.07479912937565665,0.08681913535983646,0.014172505604909659,0.0012132586275397108,0.00583038102444089,0.04799452024319336,0.1140211350438863,0.009559549233568675,0.13324022326136792,0.02177884123699357,0.016741155734495913,0.003979288986626508,0.01922524736007924,0.00939711533191771,0.043599820461250126,0.04101328878422239,0.0,0.015200938585524803,0.0,0.0,0.19072059877674086
Baltimore Ravens,11,5,0,0.688,468,303,165,10.3,-2.0,8.3,3.9,4.3,2020,0,0.017806248723586503,0.1983951242908992,0.08579804061741801,0.08956512708346483,0.004133468353152556,0.042672559912994054,0.03720507927030132,0.02671354609522646,0.00330684065482326,0.007422737337906121,0.06745301286467728,0.10785889016944383,0.011491662789703158,0.031743007309128844,0.04275000406436499,0.018149870166773004,0.003662279517362352,0.05386811178817948,0.0005283543583828503,0.06439956344138645,0.06933038559317829,0.0,0.015746085597647133,0.0,0.0,0.1466100460264137
Cleveland Browns,11,5,0,0.688,408,419,-11,-0.7,-1.9,-2.6,0.3,-2.8,2020,0,0.06515985201779119,0.10659642948833223,0.08121885524956553,0.09024427467174928,0.022334110617558942,0.0509386827556713,0.035661741875406314,0.005521241669310708,0.0002980033748770453,0.005022557006674958,0.04608957473266486,0.07172696082282984,0.0034069661620088443,0.060737832107290335,0.04468768364351875,0.053490232121088305,0.006692235767745955,0.022189747261516086,0.0028927467305514486,0.04873305698153204,0.1690354217440114,0.0,0.007321793198304634,0.0,0.0,0.21857108835776712
Cincinnati Bengals,4,11,1,0.281,311,424,-113,-7.1,-0.4,-7.5,-5.4,-2.1,2020,0,0.054889375821131466,0.17304726716792615,0.06762084054211735,0.13664268142347222,0.032126533124907146,0.03681161406360459,0.020900881925387443,0.012701526048562662,0.00196798323863413,0.00593005308095756,0.027043607353698935,0.019245557193606225,0.015432305372799111,0.04034366398165804,0.05232180957047219,0.03434320416979474,0.001506026031900832,0.024716987457745462,0.00027237765994377766,0.05149398529186947,0.19064171947981048,0.0,0.0,0.0,0.0,0.15336017906817354
Tennessee Titans,11,5,0,0.688,491,439,52,3.3,-1.7,1.6,4.7,-3.1,2020,0,0.03891961133002996,0.11415672618919456,0.13333581824495858,0.06449547805791027,0.029344224127924357,0.06197297268051104,0.046628738802524716,0.02266726905307066,0.00012080012849399841,0.008707280832918248,0.08557916993069073,0.014504745233281496,0.016456641160529195,0.10769119326761176,0.0439201928252027,0.033455624901229844,0.00020620550080029912,0.03452326591916438,0.001099347185339925,0.03803896652888672,0.1010595861371994,0.0,0.003116141962527188,0.0,0.0,0.2210267260278015
Indianapolis Colts,11,5,0,0.688,451,362,89,5.6,-2.8,2.8,1.2,1.6,2020,0,0.0685170711504944,0.06333803915939112,0.06311479268983464,0.16014255481624395,0.024223668138124356,0.0632741501134051,0.018846555470252033,0.003028132469379523,4.206399814529447e-05,0.0039328304029814,0.07671180181639545,0.01553582104477256,0.009353779003576188,0.24440451800445004,0.025701509115190174,0.013041274259869626,4.8978864787899125e-05,0.008818278765397928,0.0009112151954125322,0.047472655570432024,0.08954030995146377,0.0,0.0,0.0,0.0,0.2224555125355771
Houston Texans,4,12,0,0.25,384,464,-80,-5.0,-0.5,-5.5,-1.4,-4.1,2020,0,0.045880337588293685,0.08804707831827692,0.10302870660371151,0.014181220701008758,0.025428581419967206,0.04280449636151652,0.07819918669184416,0.022893864889694873,0.0038375357107595484,0.004330079261609853,0.06758949146362139,0.07991859868482394,0.011468438141454073,0.0682065906197465,0.08155078759549332,0.025695032873423757,0.0017480198355868857,0.02521099102306299,0.0007426368216684966,0.029533541155946898,0.17672889492349372,0.0,0.002975889314994982,0.0,0.0,0.18271199510852387
Jacksonville Jaguars,1,15,0,0.063,306,492,-186,-11.6,-0.1,-11.7,-6.5,-5.3,2020,0,0.04162229505546561,0.1117053354003271,0.058055105976044526,0.09574337380985089,0.02810659357710984,0.11101341934699126,0.11422323328564644,0.026200698892081303,0.0033913501984923055,0.0033118388903053894,0.017004616224804172,0.06700608349142081,0.004837172149204606,0.11667795839747831,0.0485113234456204,0.009668055237726169,0.0011255465161175873,0.003338015274028428,0.00409810170645061,0.038815035263343865,0.09088729106834222,0.0,0.00465755679314816,0.0,0.0,0.18340648757143785
Kansas City Chiefs,14,2,0,0.875,473,362,111,6.9,-0.1,6.8,4.5,2.3,2020,0,0.021930707645388417,0.03245898291366175,0.1266141229376693,0.084433538391833,0.10634317100450863,0.020311533366554193,0.05855841784303804,0.014740527477526612,0.008532680051610024,0.004705896096111783,0.07583034371675927,0.03829673929336089,0.006087985484174448,0.037933250342548866,0.021343093472563635,0.054328269387748665,0.003505495819971645,0.03690898898911202,0.0066743816603625885,0.06229960523944691,0.17405614384101062,0.0,0.004106125025038712,0.0,0.0,0.17907523577681314
Las Vegas Raiders,8,8,0,0.5,434,478,-44,-2.8,0.8,-2.0,2.9,-4.9,2020,0,0.028633137571714914,0.04814057983105004,0.08540197091554344,0.0706119066483044,0.06216583754641204,0.07870964274292654,0.022575741730552507,0.004184689154678389,0.0015265684470693558,0.0035124037422099457,0.02587447781744626,0.06254956235278274,0.0036639034305879334,0.14783676091863737,0.037845666305954234,0.11535798379845717,0.0007151300828401117,0.034583396053494524,0.001063766621835031,0.07389392981146407,0.0879853200850608,0.0,0.0031676243909781873,0.0,0.0,0.2496390085523799
Los Angeles Chargers,7,9,0,0.438,384,426,-42,-2.6,-0.3,-2.9,-1.0,-2.0,2020,0,0.04121440958488023,0.12587896153121667,0.1693949718792362,0.06776002520049217,0.0,0.07695089956500065,0.05685459677966568,0.003872725095712072,0.00404481727457625,0.004238346294094172,0.04229719472131229,0.04495279952883479,0.0038553631952302405,0.06677638162225268,0.03927540700686269,0.017917966409175385,0.03784115062094122,0.004750185333181202,4.253665618048729e-06,0.08298976685500448,0.10912977783671292,0.0,0.0,0.0,0.0,0.17838472394598662
Denver Broncos,5,11,0,0.313,323,446,-123,-7.7,1.7,-6.0,-4.3,-1.7,2020,2,0.0062378338975657395,0.10767697833050391,0.11109539450173345,0.013772137389562919,0.058438000614168525,0.06482157963100046,0.030241427806510773,0.024573902007762882,0.0023758844876917316,0.0031157399156230047,0.038360141951271756,0.1909177805730562,0.007831912839413063,0.09105032261673568,0.05038052352817542,0.01741430454889702,0.004317654465270816,0.07644050578143163,0.0035138701835953834,0.04378329669299809,0.04846237698848117,0.0,0.005178431248550383,0.0,0.0,0.13034773021233037
Washington Commanders,7,9,0,0.438,335,329,6,0.4,-1.2,-0.8,-4.1,3.2,2020,0,0.02412686063438239,0.08629696352152522,0.12353119822851745,0.07662569687831187,0.022692799386005897,0.10480804904724744,0.04975033448683321,0.017827689335365517,0.0024815336162729977,0.006226201767614799,0.024076362384203975,0.02475544036061125,0.013462057875923888,0.15550095022712174,0.03018673349922558,0.055831296183110495,0.003390610851490435,0.07158190389794145,0.0004349280236836949,0.04111082067008895,0.06530156912452173,0.0,0.0,0.0,0.0,0.20927749627262798
New York Giants,6,10,0,0.375,280,357,-77,-4.8,0.4,-4.4,-6.7,2.3,2020,2,0.014410131193357024,0.1425756125541875,0.12139526337155873,0.008418880186006792,0.01657858060715483,0.08799502151405422,0.09458742753396489,0.016763333732808906,0.0005298329443828456,0.0056666208629955715,0.03332001102029266,0.06039255566646408,0.01446031310564444,0.04791396085304142,0.06726066628330579,0.04980640455766809,0.002974220576677287,0.02011881951292873,0.004004839517455383,0.05510506626327871,0.1294397520197415,0.0,0.006282686123030599,0.0,0.0,0.18953640780282738
Dallas Cowboys,6,10,0,0.375,395,473,-78,-4.9,-0.2,-5.1,1.0,-6.1,2020,13,0.03854342117787345,0.07925699382192833,0.14395579760848065,0.042816216628200614,0.029363491017926412,0.06292730352788518,0.04453232237903456,0.010303258215972406,0.004666208332355504,0.004639734399959566,0.03901733279825738,0.05338674445708967,0.014323009086962952,0.18754722890203113,0.06754354910907402,0.03077594641027827,0.006499041958887813,0.0,0.008337542596225255,0.03453494159405622,0.09628337617772992,0.0007465397997906771,0.0,0.0,0.0,0.1803480863103102
Philadelphia Eagles,4,11,1,0.281,334,418,-84,-5.3,0.8,-4.4,-2.8,-1.6,2020,0,0.043543049925670804,0.07013099564727084,0.07100681682746196,0.14095565798085172,0.049657651100178696,0.0636552211804673,0.009577764945964663,0.013106110304424233,0.0016139110498114497,0.0054712651422995804,0.03677922518899283,0.04210293816210627,0.003738905564213836,0.10852069209295603,0.02022958285992765,0.05481511737628494,0.006090677164104339,0.023861834896620433,0.0011610597930812889,0.07993684380306738,0.1540446789942438,0.0,0.0,0.0,0.0,0.19995367346449716
Green Bay Packers,13,3,0,0.813,509,369,140,8.8,-1.1,7.7,5.9,1.8,2020,0,0.05393000723270553,0.05113901791351017,0.04191466548180343,0.042043349754532534,0.05541497701121333,0.07227829023374124,0.03109395465341537,0.0200963798724109,0.004619480715607832,0.003849046108629068,0.08406649206077174,0.17793180544044646,0.004351265488322444,0.12333866470092239,0.03575351505911429,0.02501541011801795,0.003414203234547562,0.017389967654824562,0.0030683952081581056,0.043705643769202926,0.10288281338511557,0.0,0.002702654902986612,0.0,0.0,0.23835859485339456
Chicago Bears,8,8,0,0.5,372,370,2,0.1,0.1,0.2,-2.2,2.4,2020,0,0.02311538319613795,0.11817564493193242,0.013027115981027775,0.1041417201749527,0.02181808991131073,0.029754590171572462,0.053927751022779906,0.01353112365217137,0.00027680683381977494,0.004343477605742912,0.05431502462220869,0.1689024731649633,0.00903703530453153,0.08050256018233201,0.03160922429049186,0.04384183343684891,0.00993992794424925,0.0,0.0029729257163416084,0.07723629230000531,0.13953099955657955,0.0,0.0,0.0,0.0,0.15399975714310962
Minnesota Vikings,7,9,0,0.438,430,475,-45,-2.8,0.4,-2.4,1.3,-3.8,2020,0,0.01980660280631423,0.07085195618730461,0.09662229552900194,0.056030704128634305,0.06539586104571399,0.031166002571089188,0.04114189815487672,0.011713105398510492,0.006099403255633137,0.005034220300941591,0.057461924190745244,0.09076767074413553,0.009314831173126625,0.11213259239413059,0.03672353369766437,0.014387835368847735,0.004799737713400318,0.055119892765709944,0.0021889263089437585,0.05933051932009412,0.14490329655773398,0.0,0.00900719038744757,0.0,0.0,0.12501129124594015
Detroit Lions,5,11,0,0.313,377,519,-142,-8.9,1.2,-7.7,-1.0,-6.7,2020,0,0.016650929007935272,0.15131957231559556,0.13480174040263448,0.06717824097748486,0.008186994139807793,0.02608496875020417,0.029907015117169936,0.019376560170193766,0.0007884769484640387,0.0049690095519734365,0.045569297373385546,0.06032989885460433,0.006539340640002317,0.11861869073427549,0.026181856519403898,0.058676198874355996,0.013780068043026795,0.05005062374761901,0.002069650138568489,0.054788560367039746,0.096914702618367,0.0,0.007217604707888046,0.0,0.0,0.14905104414444947
New Orleans Saints,12,4,0,0.75,482,337,145,9.1,0.5,9.6,5.1,4.5,2020,0,0.04195453857742429,0.08731669397020855,0.0849794943657604,0.07836258385026704,0.023701289393423617,0.060388360671877556,0.012365890118307974,0.021640307707038956,0.004528249845060549,0.005152454215961656,0.04289418134788078,0.07041404215247526,0.02511018162669039,0.18337129592900264,0.05215936573865677,0.022397326890264906,0.00038026142604640216,0.024765889483525615,0.001332589538782595,0.06975861390902542,0.08245358612565265,0.0,0.00457280311666597,0.0,0.0,0.16896699702623014
Tampa Bay Buccaneers,11,5,0,0.688,492,355,137,8.6,0.8,9.4,6.5,2.8,2020,0,0.054027783791567786,0.03952720600152452,0.03332484944840545,0.07370082757984807,0.0,0.04595284436816248,0.09432499454830788,0.005053807033983106,0.0027367672048980505,0.0035578173822177176,0.0725574571619647,0.1532555557757855,0.013612779756097157,0.1392534377085198,0.036828128642650185,0.01538718488089941,0.02845595384300897,0.0,0.014764441739947239,0.09536457777867427,0.07831358535353769,0.0,0.0,0.0,0.0,0.2026897119425416
Carolina Panthers,5,11,0,0.313,350,402,-52,-3.3,2.2,-1.1,-2.4,1.3,2020,1,0.06148455224067128,0.04048740610264787,0.14329246865677348,0.04452340308950285,0.021205066867020225,0.07846433015600426,0.07864778010902801,0.011567379421513405,0.0036216356358799505,0.005832209775273685,0.12425670446820784,0.026476830688989816,0.00838073841656975,0.08585929279310407,0.06144397672409188,0.006484285135265608,0.006508780416321758,0.046689137827859634,0.002070958879000271,0.034266805463457284,0.1043929184230685,0.0,0.004043338709748563,0.0,0.0,0.27276083087914926
Atlanta Falcons,4,12,0,0.25,396,414,-18,-1.1,1.9,0.7,-0.1,0.8,2020,0,0.05817558585381395,0.060838757717560185,0.08584545620687965,0.08875977188063229,0.04497797412298702,0.08200993207498555,0.05600855119037962,0.004701017613527793,1.504996664174894e-05,0.005274180543112159,0.05777531694101,0.013049314376194686,0.0031827418621193293,0.10800059236668702,0.0771312696718741,0.02424611330848985,0.0011434412822290646,0.044000759722316075,0.014579680267472021,0.019529027347244217,0.14434669323888777,0.0,0.006408772444955876,0.0,0.0,0.23678662844577142
Seattle Seahawks,12,4,0,0.75,459,371,88,5.5,0.0,5.5,4.8,0.7,2020,0,0.02487124914401295,0.053483091390421636,0.10216815042733272,0.05921662295119994,0.03674429291773599,0.03699017904035968,0.07903459046348914,0.017919915003852035,0.004644712547390086,0.00515197556360746,0.06619790823818812,0.06579349060083035,0.004094386979867623,0.1596269491827548,0.05015855391462783,0.029028355826394053,0.0010031867084406433,0.02952054620299152,0.00209304109469575,0.07409513513631903,0.09144369853904409,0.0,0.0067199681264445135,0.0,0.0,0.15918073334365052
Los Angeles Rams,10,6,0,0.625,372,296,76,4.8,0.7,5.4,-0.8,6.2,2020,0,0.008514245494902395,0.06416856737194543,0.03071621380434153,0.14755315105486594,0.020955200995269523,0.038975927099992494,0.04677555579649299,0.005339301660058657,0.005597892621499415,0.005621233047172119,0.03390778432289067,0.03597544391910374,0.023838870152095296,0.15143113048321796,0.07101441238479504,0.03621628923984455,0.0049655496792059646,0.008935100479057533,0.0,0.06466719495339003,0.19483093543985872,0.0,0.0,0.0,0.0,0.11761424615763011
Arizona Cardinals,8,8,0,0.5,410,367,43,2.7,-0.1,2.6,1.5,1.0,2020,0,0.005035095132586175,0.12906716273105945,0.036781901224056814,0.039571465134970514,0.0055371888248616314,0.09745014452163933,0.11786771488579194,0.019009078276075977,0.0020845118429253487,0.006019428061371024,0.0377061815058294,0.15846375749360853,0.010343888186915564,0.04935425249609265,0.08899797651936352,0.005046693636966247,0.020123987084766655,0.012599920896346015,0.0061323074665655215,0.031270896589367596,0.12153644748884011,0.0,0.0,0.0,0.0,0.15137042226358666
San Francisco 49ers,6,10,0,0.375,376,390,-14,-0.9,1.7,0.8,0.2,0.7,2020,10,0.04545922797150069,0.1170894924600785,0.12726332760833264,0.06962160041065618,0.024202173272548227,0.031730091847405224,0.03777431173782187,0.02471116109368565,0.0006171250965901734,0.008468290980488201,0.07851384477614777,0.011129178509565175,0.004314724167321145,0.13895461764004022,0.06239272100094922,0.02845814852809477,0.004506721492799881,0.04078915331858841,0.0002901424502223002,0.044080370386377916,0.06582326565759038,0.0,0.03381030959319546,0.0,0.0,0.18445145557337075
Buffalo Bills,11,6,0,0.647,483,289,194,11.4,-1.6,9.8,5.0,4.8,2021,0,0.0494039699010017,0.06802032204063825,0.13058608736701946,0.12035292017950891,0.0,0.04995866318311973,0.04150924198508543,0.007761307594549765,0.0021911476245109764,0.007734395625193669,0.06921424648091255,0.08205726233417648,0.008533660880506283,0.07361535454903524,0.029626372141023257,0.037110689861816516,0.010142431145201901,0.06769132933887786,0.0005503268763261726,0.013356829992377054,0.12639453482759477,0.0,0.004188906071523995,0.0,0.0,0.20623789630317665
New England Patriots,10,7,0,0.588,462,303,159,9.4,-0.9,8.5,3.6,4.8,2021,0,0.027053176143075057,0.1537025300578728,0.04663184768406624,0.053781139279957195,0.09307898471101012,0.059248326442323224,0.0991963486001634,0.014301684304628219,0.021443761575296323,0.005865545548893708,0.02716847073241739,0.04093013263055801,0.004781522137765203,0.04207545537037685,0.03739652422785045,0.05062942145713525,0.0124762805376167,0.016369752644719526,0.001182471279718938,0.07763671409293603,0.11031348416863694,0.0,0.0047364263729824385,0.0,0.0,0.16528186605466985
New York Jets,4,13,0,0.235,310,504,-194,-11.4,1.0,-10.4,-3.6,-6.7,2021,7,0.04554430849069956,0.0780435463512965,0.15740056802716326,0.036814249518219024,0.0730367765313947,0.07536719759786104,0.06885742374328656,0.003566972805621789,0.00540052564288014,0.005419549964459418,0.07410782542185972,0.007028942438255043,0.005594239314883338,0.06572842348353701,0.042153099224328736,0.02618560310890661,0.01563267972102587,0.0,0.0037933009890702986,0.039795560965708396,0.16172035763780335,0.0012766904329729503,0.007532158588766687,0.0,0.0,0.2262749260413702
Cincinnati Bengals,10,7,0,0.588,460,376,84,4.9,-1.9,3.1,3.4,-0.3,2021,0,0.03927597390819671,0.17550156300295117,0.10903731582601764,0.15684700882869534,0.05475135588048314,0.05819044698622805,0.013394530375514515,0.004091212103648438,0.010101246670264444,0.00657851666306326,0.03314442010510648,0.01618449076097531,0.006592202933705958,0.05410063069398588,0.062014217442229756,0.034318689579630586,0.00943162836608089,0.0,4.444117140319933e-05,0.04612080302316231,0.11027930567865692,0.0,0.0,0.0,0.0,0.16497397175056502
Pittsburgh Steelers,9,7,1,0.559,343,398,-55,-3.2,0.8,-2.5,-2.6,0.1,2021,0,0.051896719592889724,0.16385628029972407,0.0843620153429824,0.06056067198640555,0.015479065572839486,0.06109037763278839,0.060751966108480084,0.02742431759303901,0.01050934660806529,0.005083364159258354,0.018308336904820175,0.0584266481978303,0.005199232117538385,0.1697615440602095,0.03139346313023241,0.01634385144024577,0.01287133727893804,0.021248956764856546,0.0021318067095972746,0.05604498237223244,0.05045707925540028,0.0,0.016798636871626523,0.0,0.0,0.14977109228034136
Cleveland Browns,8,9,0,0.471,349,371,-22,-1.3,0.0,-1.3,-2.7,1.3,2021,1,0.05881731131077554,0.09052512091014063,0.09543934292979382,0.05103040646129623,0.009186593257219534,0.06643691757403154,0.0089895034620696,0.006912433925336519,0.0006744153319802884,0.005650312112137841,0.026332127329729164,0.03514795648221398,0.004677047084514699,0.09098683283341395,0.056444737852733254,0.08863713697096282,0.008966709757575308,0.0287845157642795,0.0007237679707868303,0.08156715556572053,0.1755757703819354,0.0,0.008493884731353048,0.0,0.0,0.2409472611562859
Baltimore Ravens,8,9,0,0.471,387,392,-5,-0.3,0.0,-0.3,-0.3,0.0,2021,7,0.017400710946540526,0.16906229426135316,0.08749222441031201,0.09467627048111757,0.06686902362031281,0.03345571466881712,0.052568066113877966,0.019064611503202145,0.00013714154510338237,0.003610859686768755,0.06034552414820682,0.05653207882001176,0.01597386332831528,0.023341417665202042,0.049885164540611635,0.03213998852195241,0.013523856733846,0.025335744709200154,0.011750410353687154,0.06410435248813974,0.08093786302988319,0.0,0.02179281842353838,0.0,0.0,0.15509234863920401
Tennessee Titans,12,5,0,0.706,419,354,65,3.8,-0.4,3.4,1.8,1.6,2021,0,0.04593918250390445,0.09035800948519129,0.04579967781014927,0.020061623041214904,0.08714702647320498,0.08263257172746591,0.05825059780095661,0.008706921357798257,0.006618705220102206,0.007794845775763494,0.07723795282048537,0.05401407878744886,0.018337083228032874,0.06647647279123813,0.09189502293213804,0.03241486209163644,0.004180672671494117,0.02935818720225248,0.03352385581234727,0.04114957919165839,0.0902350705332413,0.0,0.007868000742275373,0.0,0.0,0.27174842495583945
Indianapolis Colts,9,8,0,0.529,451,365,86,5.1,-0.6,4.4,3.3,1.1,2021,0,0.04788901848092919,0.09931845432306237,0.06646758924805768,0.15971658659612528,0.006973354249095011,0.09064197259772708,0.05209097487218323,0.00643587180469276,2.313181795386327e-05,0.0056787038212599466,0.05648156795565969,0.020337389709995764,0.010677044982166291,0.12274423267937465,0.04006372145861717,0.038695986657879176,0.01481386072198413,0.014211162886830808,0.002264243559710568,0.05530134875742099,0.08917378281927436,0.0,0.0,0.0,0.0,0.2359727892519057
Houston Texans,4,13,0,0.235,280,452,-172,-10.1,0.4,-9.7,-6.3,-3.4,2021,6,0.028950330740122494,0.10112574333656127,0.03908484479428813,0.06484454100369386,0.023403224957462186,0.03218272615776385,0.07411441949899632,0.023533892321164193,0.008074993646211122,0.005285680061270425,0.059692697037868496,0.07969136595643292,0.016999105700401744,0.12747723231450794,0.06425564398493838,0.05517323986345464,0.014986040398524969,0.0399082600775545,0.003169796907953706,0.03862621904776678,0.09914391573477317,0.0,0.0002760864582889403,0.0,0.0,0.17916879070716318
Jacksonville Jaguars,3,14,0,0.176,253,457,-204,-12.0,0.6,-11.4,-7.7,-3.7,2021,0,0.05397980572956763,0.09612680091698234,0.04073993362418675,0.07626169280504361,0.00471908113993325,0.12589861715199496,0.11171075423917766,0.027912903821784265,0.003986978259921695,0.004323814847061921,0.0898219558487634,0.07582793881790882,0.009342070486904075,0.0505277100067379,0.037316623327746115,0.011852807963488487,0.04090256712754508,0.005169746218759965,0.0051179989431010976,0.04479914972892744,0.08365735315627269,0.0,3.6958381908624927e-06,0.0,0.0,0.28667118563691557
Kansas City Chiefs,12,5,0,0.706,480,364,116,6.8,0.6,7.4,5.4,2.0,2021,0,0.011584993455804894,0.05009473014266714,0.16751068295648197,0.10007007859981268,0.11927960686058926,0.05837661781523509,0.05745438227484003,0.021500393604642235,0.020355314772267832,0.006779673982062744,0.05419022045155265,0.01970941982380778,0.004610356578114544,0.05190750152072679,0.033401541355368436,0.02993735484002222,0.0012097207278878395,0.0065500834288853204,0.002891171711660671,0.055250966622146985,0.12272987208521692,0.0,0.004605316390205967,0.0,0.0,0.15698035827427553
Las Vegas Raiders,10,7,0,0.588,374,439,-65,-3.8,0.6,-3.3,-0.7,-2.6,2021,0,0.08774002812200606,0.061909128102507385,0.11666533126924311,0.05144088293887231,0.031058930914554254,0.04460008718746422,0.04563456827215555,0.018460511869959662,0.007244052778879552,0.007196477600330739,0.08452775585724107,0.05688067497616266,0.006585729402935616,0.147193474614625,0.05632574705798118,0.015103634439320045,0.021583967657639664,0.005199257283859345,0.00518796897234887,0.051548116633151154,0.0734208102360387,0.0,0.004492863812723879,0.0,0.0,0.23715947457838027
Denver Broncos,7,10,0,0.412,335,322,13,0.8,-1.3,-0.5,-4.7,4.2,2021,0,0.013000345124098188,0.15891253489641494,0.030037429521323464,0.04766365979380075,0.031220674977615142,0.08139100016041936,0.05264671615551485,0.012244891717884959,0.0014625590686939674,0.004141361751739953,0.03395385692612436,0.17541005295176992,0.014777934395584127,0.041998213204162776,0.07462217268304057,0.03252030862744515,0.012018104377033906,0.0417727850794764,0.011841082399899597,0.038657201467575425,0.08968941836305074,0.0,1.7696357331473416e-05,0.0,0.0,0.17270659323798665
Dallas Cowboys,12,5,0,0.706,530,358,172,10.1,-0.2,9.9,8.2,1.7,2021,1,0.037278457506162446,0.08242564029477444,0.17447452887973625,0.03728508108608457,0.002870542651542066,0.07005037734169545,0.057469296383095315,0.013995687689070028,0.006616167356941912,0.004809400862568358,0.04431954212594639,0.04145030470927133,0.009387463455797985,0.09343332393483057,0.04889137076160226,0.03329715511251902,0.01973617881807291,0.0,0.005999385438929373,0.042971541335928634,0.1652461092665388,0.0008065182611051343,0.007185926727786757,0.0,0.0,0.1917514357863578
Philadelphia Eagles,9,8,0,0.529,444,385,59,3.5,-1.0,2.5,2.6,-0.1,2021,1,0.03476415859203787,0.07720642719245013,0.09975296626859594,0.13392068161100698,0.022211479801941682,0.07418856791520978,0.004349554310429968,0.011119483320172424,0.010260879063344962,0.009686467571884372,0.033016688126487156,0.009649952364251861,0.003612050720490294,0.1985389244184467,0.02130342566564084,0.06518032222313211,0.002934251715120571,0.004656730301446254,0.0012058317429554351,0.06655202646398972,0.11588913061096497,0.0,0.0,0.0,0.0,0.20835556859982235
Washington Commanders,7,10,0,0.412,335,434,-99,-5.8,1.6,-4.2,-2.7,-1.5,2021,0,0.03295721529979136,0.12745675111358762,0.07336015791723038,0.10670172648171883,0.015099010977703305,0.1411512231147092,0.023115182435443266,0.010482654357966642,0.019027036455719626,0.003578492248858608,0.04272732464265887,0.016606331053254722,0.01347511094340092,0.13343270613287972,0.027129736218392667,0.02110121017808444,0.005006201530988401,0.08546794702589317,0.0020569031913843785,0.035598650796982566,0.06365102496597581,0.0,0.0008174029173754964,0.0,0.0,0.23999387642662828
New York Giants,4,13,0,0.235,258,416,-158,-9.3,1.0,-8.3,-7.7,-0.6,2021,6,0.036499115929372994,0.16234548748023592,0.09008993707799764,0.02519328030825332,0.02157159943156365,0.04509884725570641,0.051581710429664356,0.021407979948570424,0.011018455071245454,0.006552668820650172,0.045878883307547906,0.030020186548235468,0.015179432645278818,0.04902220292386986,0.07398701095579381,0.05247065994595878,0.005549305104538325,0.03709161196973384,0.0071108893625645405,0.07484359160303104,0.12713034399522496,0.0,0.01035679988496231,0.0,0.0,0.18705839580115063
Green Bay Packers,13,4,0,0.765,450,371,79,4.6,-0.2,4.4,3.5,1.0,2021,0,0.010525589237418075,0.06922648478641069,0.03980255003051823,0.047791891178049065,0.03801060270796314,0.022721422377490398,0.03810624691460294,0.018392013626017917,0.0005395718667050008,0.00478988194376692,0.07537233376331495,0.16816030171991359,0.0059254459420786144,0.16642219355923243,0.03765384794203637,0.04368709905694327,0.006671511566181881,0.02324557380815775,0.0031742824188884236,0.035855332043186264,0.1439258235111241,0.0,0.0,0.0,0.0,0.15548072685405512
Minnesota Vikings,8,9,0,0.471,425,426,-1,-0.1,0.3,0.3,1.9,-1.6,2021,0,0.030543364347519166,0.12228527970223836,0.09957652839488566,0.09517266333608444,0.03657199296948757,0.018562562136944957,0.07060466727732789,0.015357096988439895,0.010028423448277873,0.0047040866543394564,0.03839930590853839,0.04651693140213818,0.01409353455022892,0.1776380134362259,0.04028609270961415,0.03221510049203249,0.014272587032147987,0.0,0.002346131992158336,0.03585634501626081,0.07906435495472593,0.0,0.015904937250383607,0.0,0.0,0.12206646487719333
Chicago Bears,6,11,0,0.353,311,407,-96,-5.6,0.5,-5.2,-4.9,-0.3,2021,5,0.03168222260264436,0.09820942250068482,0.10603138180307915,0.04780657721245861,0.03652992054268108,0.021544255741782977,0.0765661412701617,0.008636849379068702,0.0008357961051676863,0.005231805153864767,0.02546498376916557,0.15070204414547916,0.005695382825726202,0.08032978269216497,0.03743002944051992,0.04330223403537042,0.016966942790128524,0.0,0.012472416863622719,0.057595181343744146,0.13696662978248447,0.0,0.0,0.0,0.0,0.13446611301258604
Detroit Lions,3,13,1,0.206,325,467,-142,-8.4,0.6,-7.8,-3.5,-4.3,2021,0,0.028023885646324992,0.12656558263692044,0.016148231867083262,0.05948109578621102,0.016561314672435823,0.07412610178071605,0.026113131604252847,0.011577214181748346,0.018124344440426262,0.0037064833765695438,0.03639468119200553,0.18640711935439871,0.00406526096907693,0.18333386446571512,0.02884879993796306,0.026255568338056767,0.011289288716415977,0.012236277830372459,0.0012810455248951581,0.06649458655718608,0.05816235300275501,0.0,0.004803768118470616,0.0,0.0,0.1660812824819985
Tampa Bay Buccaneers,13,4,0,0.765,511,353,158,9.3,-0.7,8.6,7.3,1.3,2021,0,0.06238370124417346,0.06040192900808931,0.04832581553101944,0.06622582291786748,0.0025673700113923318,0.07721521559953454,0.05076251469067065,0.021142534977752415,0.008110244568826743,0.007807013324965069,0.020152474282972066,0.13451658981773654,0.015965905414588324,0.07666597509632317,0.045015697093492554,0.025815529363068794,0.03530059781238321,0.0,0.0025548533924335654,0.0633625593717428,0.17570765648096753,0.0,0.0,0.0,0.0,0.18812177388218243
New Orleans Saints,9,8,0,0.529,364,335,29,1.7,0.3,2.0,-1.5,3.6,2021,10,0.013918738378746416,0.10570445592925568,0.0973590841366159,0.08049078966799561,0.08451771730845035,0.0578355732471108,0.005372373935176325,0.021375535508671085,0.01278814797181924,0.006340717522502181,0.055983813912773246,0.04851861465758685,0.014374989429888982,0.12236299406587627,0.052741645851035406,0.04403415702977436,0.0005267058664394067,0.01839359049405673,0.000695536239553452,0.03575213305245088,0.11402547397025371,0.0,0.006887211823967133,0.0,0.0,0.17246781880795828
Atlanta Falcons,7,10,0,0.412,313,459,-146,-8.6,0.1,-8.5,-4.2,-4.3,2021,0,0.016669862447446098,0.08144101898206452,0.023342613900842617,0.14968408239338662,0.01655920464082895,0.04936040601792376,0.05684269477155368,0.005306744523501916,0.002665577127254014,0.004582215405299297,0.07069657560961888,0.08436402497078824,0.006597161071734038,0.1553841211605462,0.04138742129364448,0.02019764539788619,0.021495285673933724,0.0077775397601391365,0.019353299433097475,0.06527863958617613,0.09323308617636124,0.0,0.007780779655972766,0.0,0.0,0.1762777889059724
Carolina Panthers,5,12,0,0.294,304,404,-100,-5.9,0.4,-5.5,-5.0,-0.5,2021,0,0.03497783714472396,0.11261418574026151,0.07008664060459367,0.12777528341270689,0.014670394847706162,0.02663303939924586,0.05029997178167184,0.014173833032559906,0.005742564290632969,0.007895481948750381,0.028277193138251912,0.06625090537218312,0.007671998599167657,0.1619693636857497,0.055202675929101504,0.028037876761071542,0.010210333299479554,0.037428050428754044,0.008677659918791313,0.029653527749562168,0.09804690912371944,0.0,0.003704273791314898,0.0,0.0,0.1266036063620846
Los Angeles Rams,12,5,0,0.706,460,372,88,5.2,0.1,5.3,4.2,1.1,2021,0,0.010683321694820416,0.09786925790958195,0.009076118642650595,0.1490959425161404,0.009183854607631223,0.027415554562453114,0.00997983281955344,0.00512066886725069,0.010015031959706565,0.004917566843289276,0.036862151618410055,0.06719453435784814,0.020012217385438808,0.2508990422170128,0.08308566789527135,0.03305661164283886,0.009246876537672538,0.012468886958951968,4.9935557349074325e-05,0.04768961881285214,0.10607730659327659,0.0,0.0,0.0,0.0,0.10806757507587152
Arizona Cardinals,11,6,0,0.647,449,366,83,4.9,0.3,5.2,3.6,1.6,2021,3,0.02311407887792254,0.047339028044742354,0.04354375250568828,0.05328091635105077,0.0,0.061386045057589135,0.09142241996676305,0.010512347443233285,0.005629604825571395,0.008139571660559272,0.10882071076852444,0.19040151835717103,0.005851236837165742,0.060474973201806906,0.0244707378119725,0.013995104056778814,0.05815427780259395,0.010159117500675269,0.00044089387915535494,0.06119581091430399,0.12166785413673194,0.0,0.0,0.0,0.0,0.20775683263997027
San Francisco 49ers,10,7,0,0.588,427,365,62,3.6,0.1,3.8,1.8,1.9,2021,1,0.03819079074596711,0.07450994590935339,0.17996941317793458,0.04606308709395021,0.0371056913112712,0.049756076613727905,0.059091850747633734,0.01434231910245223,0.00026721542308334696,0.004920527988644898,0.050935112003057045,0.027980464519779483,0.005382944857477778,0.16939709498383232,0.05759972113727713,0.030784186493259334,0.013763008940589105,0.009510170972253379,0.004396317489154618,0.04752244906323244,0.06610570460694787,0.0,0.012405906819120889,0.0,0.0,0.174062483345166
Seattle Seahawks,7,10,0,0.412,395,366,29,1.7,0.2,1.9,0.4,1.5,2021,3,0.022751180674929882,0.05404251949696915,0.08361279507825929,0.06860105745046594,0.030838492355016737,0.0389610379082602,0.10550492934045055,0.025187731837510177,0.0054657146476069845,0.006456165746856057,0.06637348918845562,0.025520395186827107,0.013737678458337102,0.19555852275400343,0.05304241599565729,0.034999366687777075,0.003813098344340903,0.028951415905184113,0.009745561928888084,0.038956475165113545,0.07803647444132815,0.0,0.0098434814077626,0.0,0.0,0.17283063638831087
Buffalo Bills,13,3,0,0.813,455,286,169,10.6,0.4,10.9,7.1,3.8,2022,0,0.04167430042828088,0.12072387993195267,0.08686847052123005,0.08953204452665824,0.027364459083118384,0.05911130532437092,0.07930177666750238,0.004552940890736366,0.009293567329777437,0.00745676671885718,0.036914398882276024,0.032010824249826285,0.007143676860185709,0.09921532800629498,0.04074425232663217,0.031200103768196326,0.015613218852873747,0.057016235697401337,0.00603879811967074,0.02980895775761611,0.11243960442294036,0.0,0.005975089633601698,0.0,0.0,0.17493890652279487
Miami Dolphins,9,8,0,0.529,397,399,-2,-0.1,2.0,1.8,2.7,-0.9,2022,5,0.04167866444521845,0.1367668168195425,0.06665347714154318,0.053099163930444344,0.0063724038924116416,0.024776451981493124,0.050793586223729925,0.015103607728294555,0.012501260911505507,0.004519632345391488,0.023204300671268576,0.08291940098305403,0.005050516964846885,0.0748497111916899,0.05548777791609166,0.02666028901247252,0.01790058490854612,0.03406702632048661,0.0126256523068373,0.09409094985975269,0.14550181333914386,0.0,0.015376911106235123,0.0,0.0,0.12894535841728996
New England Patriots,8,9,0,0.471,364,347,17,1.0,1.0,2.0,-0.3,2.3,2022,3,0.0338964982468605,0.10577817926044061,0.03901127568581984,0.09060860754039068,0.054025259466194187,0.03137259677497253,0.043777459795423516,0.011752944601395603,0.014291182297864498,0.007014274312474909,0.023194987355901833,0.0779821387949035,0.012671938903799192,0.03201251545675293,0.021360498674466523,0.054258586088456504,0.027256249399231904,0.013621499844662054,0.0033909401810500745,0.11637237038569838,0.18634999693324023,0.0,0.0,0.0,0.0,0.14611360864724143
New York Jets,7,10,0,0.412,296,316,-20,-1.2,2.0,0.8,-4.0,4.8,2022,2,0.051036233443239855,0.08176209038208496,0.138510063278587,0.09743976833766116,0.01714083893042319,0.05839630648497538,0.0328121801618107,0.01329227419227819,0.0023473686011957935,0.005729228416903802,0.01825450709385901,0.03476762508838014,0.004715130292161756,0.07224696807133106,0.027890511185219558,0.10106405847823445,0.0375477973845529,0.0,0.027187115044314224,0.04468714202354718,0.12987037200892604,5.926788017486692e-05,0.0032431532201387613,0.0,0.0,0.25599748842479775
Cincinnati Bengals,12,4,0,0.75,418,322,96,6.0,0.9,6.9,5.5,1.4,2022,0,0.03001784947091454,0.12191320033255175,0.11477666125207914,0.12380516927330394,0.041190448140102406,0.06975334565543528,0.017729038032471046,0.004333623717000891,0.013667007947875641,0.009290353797602006,0.048870436140867474,0.011646884909666156,0.011500167545140851,0.05544894019729813,0.0741839626807352,0.02220106798443091,0.07758463712771016,0.0,0.004326930094047353,0.03490707243729341,0.11285320326347373,0.0,0.0,0.0,0.0,0.17516962934569558
Baltimore Ravens,10,7,0,0.588,350,315,35,2.1,1.1,3.1,-0.2,3.4,2022,6,0.016137234973818467,0.1745099930836812,0.06188869359769388,0.03544608496867717,0.007330750563294873,0.06385894521642135,0.032416163581691346,0.02325476821339639,0.009904625957738125,0.00403191280981218,0.07552261409482433,0.055765087955322694,0.009429588434069575,0.11986703289141615,0.04733942137506114,0.03291548543839257,0.045538602950519584,0.019699354190198377,0.018619813200746446,0.0837865301074903,0.05203440057332334,0.0,0.010702895822410515,0.0,0.0,0.20705409292420318
Pittsburgh Steelers,9,8,0,0.529,308,346,-38,-2.2,1.5,-0.8,-3.0,2.3,2022,1,0.01731316043354168,0.08948079364358422,0.1601527603488397,0.038082159022500256,0.0,0.04317490643818601,0.060014893672127076,0.025684065143661457,0.022100698366008257,0.003916289348406924,0.00474452995489498,0.14120209253083776,0.004201034439649155,0.09788487051123934,0.028271692806149582,0.020570407116363904,0.06812777899892163,0.0022785683481640283,0.01013013511454591,0.03361107625745453,0.10668380903257912,0.0,0.022374278472344484,0.0,0.0,0.09593313905753248
Cleveland Browns,7,10,0,0.412,361,381,-20,-1.2,1.1,-0.1,0.7,-0.9,2022,0,0.025615334159691396,0.08474087972267473,0.1349427887130586,0.05391633827261091,0.010915674885351626,0.06884934734357155,0.027427166144427896,0.0047578738372661316,0.010104325529308974,0.0072035081680712374,0.03429569138524054,0.02560451459556252,0.008042292464474366,0.15413462056622318,0.07318122631052279,0.0621937283919351,0.0144046411791013,0.041551844399784224,0.02562304403740067,0.053772424129723294,0.07872273576399899,0.0,0.0,0.0,0.0,0.21657714531783928
Jacksonville Jaguars,9,8,0,0.529,404,350,54,3.2,-1.4,1.8,1.6,0.2,2022,0,0.006901453329491901,0.15397834774403915,0.05310394468475502,0.09546692217786393,0.0,0.05233373082530803,0.11071021900922697,0.008726399040137752,0.007256497532058332,0.0045198271286153655,0.040625527876232984,0.08225313080069219,0.011590032191746877,0.05037720365217483,0.025563186909421907,0.016092314260436155,0.0639772977217197,0.004213404840948864,0.007945793073468089,0.07331358328419822,0.13105118391746376,0.0,0.0,0.0,0.0,0.12389881936493716
Tennessee Titans,7,10,0,0.412,298,359,-61,-3.6,0.0,-3.6,-4.7,1.1,2022,5,0.021302652526450794,0.07630793356721179,0.08154096053348059,0.016756614161193287,0.03364254573038677,0.04322684846364961,0.044851524120289615,0.011322899733478395,0.0076954963899470204,0.004992996125330142,0.07463979143642678,0.12335816821801003,0.011257082749708889,0.19065337436878638,0.06616755167979786,0.012334883524768697,0.03594796099718336,0.0,0.01062924268227203,0.034183066756277164,0.0974009469885665,0.0,0.0017874592467842984,0.0,0.0,0.16213341863356792
Indianapolis Colts,4,12,1,0.265,289,427,-138,-8.1,-0.5,-8.6,-4.9,-3.7,2022,0,0.05081517495715503,0.10774622162600593,0.11133778971823484,0.14417671413895775,0.016663372628519076,0.08548376641687125,0.06766773552483293,0.006485545440412026,0.011006955952259881,0.005028880422975197,0.014442847398351472,0.022677330555797647,0.015798458642805654,0.10974308071848193,0.03806581640300004,0.05639537129795991,0.018456234093402208,0.0,0.010530660240933321,0.04981867922193959,0.057659364601104324,0.0,0.0,0.0,0.0,0.217667820311271
Houston Texans,3,13,1,0.206,289,420,-131,-7.7,-0.8,-8.5,-5.4,-3.1,2022,0,0.025709542046046214,0.12134762478946921,0.08235620665719541,0.03649319841852208,0.023456269068017403,0.04319173834892386,0.09175022337659226,0.014306427924383044,0.008949438300015862,0.004925549137482741,0.0883103421160412,0.10684779558964497,0.010348745665769502,0.1019657276482236,0.03854297450870092,0.018291293571601634,0.014180169289642663,0.010303345974196809,0.006434318897863075,0.042443106604170174,0.10320019487024112,0.0,0.006645767197256224,0.0,0.0,0.181937234980476
Kansas City Chiefs,14,3,0,0.824,496,369,127,7.5,-1.2,6.2,6.8,-0.6,2022,0,0.0078106051610710514,0.0405923891296578,0.10270581838878438,0.1732739870516681,0.015269925051720435,0.06340757840248404,0.03510822488655385,0.015010328350168346,0.010692580681738395,0.006211962660540441,0.08117938968621555,0.015247888418690143,0.0043727345002627805,0.18921093072930328,0.031590582880929086,0.0110074419263952,0.03464924123604493,0.0,0.009541253086170041,0.057359280251506634,0.09065430388329859,0.0,0.0051035536367969505,0.0,0.0,0.1729462682623359
Los Angeles Chargers,10,7,0,0.588,391,384,7,0.4,-1.3,-0.9,0.1,-1.0,2022,0,0.061408976587721195,0.10483627724100887,0.03571476806749962,0.05108873241970945,0.0,0.04918711725150415,0.04003834993926898,0.010281442429616552,0.016308854785335523,0.0062383258021458015,0.021349804478789768,0.1796854622944284,0.006373474269895983,0.04848673432393152,0.052741386658729135,0.02551553950225096,0.06416026544443186,0.0,0.005020528222098643,0.03537671540536166,0.18192360275710795,0.00426364211916399,0.0,0.0,0.0,0.16674560816152872
Las Vegas Raiders,6,11,0,0.353,395,418,-23,-1.4,-1.1,-2.5,1.2,-3.7,2022,0,0.01404197461671116,0.0803399388758424,0.19021472476842774,0.04532054237842211,0.0,0.021553787338990632,0.07322350501487432,0.021207565393008738,0.010112115880463785,0.005183638040348627,0.03754033239760904,0.013730154998941011,0.010016691865407976,0.10717526740147415,0.06960316706561398,0.01600290732478055,0.029085408069433945,0.009856575045939429,0.028549179495457128,0.07694037883198752,0.1327896262972098,0.0,0.007512518899055982,0.0,0.0,0.11768818117354851
Denver Broncos,5,12,0,0.294,287,359,-72,-4.2,-0.7,-5.0,-5.6,0.6,2022,1,0.009679282089306502,0.12197025878409867,0.03234633941178934,0.07561365905314232,0.09166207962932876,0.06342240268601962,0.03360332202784986,0.020010036585085857,0.012533709965769064,0.006234273795988709,0.11113402889205734,0.06203039931851668,0.006187252278998338,0.09124616407303095,0.04637707203781054,0.050022135770456874,0.012464442726569831,0.009458215224855944,0.01001939950879232,0.03349298248903669,0.09466785786581947,0.0,0.005824685785676323,0.0,0.0,0.24427724894663266
Philadelphia Eagles,14,3,0,0.824,477,344,133,7.8,-1.3,6.5,5.8,0.7,2022,2,0.046630216718740854,0.09019780170465132,0.12362986247601859,0.24218713704697475,0.03232054146490195,0.06760332075221875,0.014291256108729753,0.013278918567059228,0.0034517988311644336,0.006653130098801124,0.03808732425557478,0.03414547682324941,0.00559632139505238,0.0330601143433369,0.025705543826831493,0.05370898765102041,0.004690698237391255,0.016457510711960974,0.0028705658921425264,0.04716143270162273,0.09827204039255637,0.0,0.0,0.0,0.0,0.20890041526969733
Dallas Cowboys,12,5,0,0.706,467,342,125,7.4,-0.8,6.5,5.3,1.3,2022,5,0.01071023123899362,0.09825101720652549,0.111753230611963,0.023893347434773102,0.0,0.07071144291119934,0.03157815038674318,0.006361594861543928,0.020754209943283412,0.008208498713060343,0.10135572522640234,0.04941584879876344,0.010216460419240441,0.09799219246949532,0.09902743569146824,0.02708459351824656,0.04309276999300005,0.009287691290218583,0.009024993585920396,0.07488096616211717,0.0954383234885044,0.0009612760485376233,0.0,0.0,0.0,0.2198482625292999
New York Giants,9,7,1,0.559,365,371,-6,-0.4,0.0,-0.4,-0.8,0.4,2022,0,0.02899122999777053,0.20246568138795548,0.09894380638554652,0.03470357602022033,0.027377591931154677,0.04718173713557254,0.05138697186495636,0.01432711454651227,0.01368942689710394,0.005143196685725038,0.06877938253643105,0.038696935596017126,0.006803091607688112,0.05638368441710438,0.05193221454329182,0.021917456490237703,0.009133914696064154,0.0029481098000954096,0.006081183191931103,0.025414879336260427,0.183337413602704,0.0,0.004361401329657014,0.0,0.0,0.17295098935194292
Washington Commanders,8,8,1,0.5,321,343,-22,-1.3,0.4,-0.9,-3.5,2.6,2022,0,0.04324423418629562,0.12703045457964568,0.09275823811789985,0.10099553056742963,0.01838339129180052,0.06928410369122781,0.016791226198008,0.00961223074081073,0.011861382193506922,0.004122094612543163,0.05368430868742793,0.021873303906866672,0.014784456755672094,0.15669947466804005,0.026126985152136163,0.007237101392025473,0.033327411077770076,0.0012015288426013412,0.006594797715578389,0.04548610918032101,0.1370642585362869,0.0,0.0018373779061059711,0.0,0.0,0.1800445456725552
Minnesota Vikings,13,4,0,0.765,424,427,-3,-0.2,0.1,-0.1,2.8,-2.9,2022,0,0.02093000376516427,0.07485683761863736,0.02223063853250044,0.09638229512311916,0.03547605375782701,0.037641905678221475,0.08149023298532668,0.011668805071598157,0.014843118307009568,0.004957125438919333,0.014527557759503637,0.12871139802005896,0.006833011863349495,0.16156100387757846,0.07155993251584955,0.04140357361998693,0.014597637623679742,0.0,0.003687277533729419,0.03925604630049034,0.10086179314438556,0.0,0.01652375146306444,0.0,0.0,0.11819031835660575
Detroit Lions,9,8,0,0.529,453,427,26,1.5,0.7,2.2,4.7,-2.4,2022,0,0.04465344169346814,0.0795893274477947,0.11643075660301354,0.05301574276651795,0.0,0.05123512015627924,0.012102961948616963,0.005723485782541706,0.027502403825133744,0.0038475193119236373,0.06715670071721258,0.11571368160378596,0.00580625641617567,0.16090838765039575,0.0426229775019223,0.025543149054647017,0.03906917081878126,0.012955931329941687,0.01102461188148941,0.040387540799736034,0.07755211494055875,0.0,0.00715871775006398,0.0,0.0,0.19961302350309637
Green Bay Packers,8,9,0,0.471,370,371,-1,-0.1,0.4,0.3,-0.3,0.6,2022,0,0.006216160323170343,0.0957311744070882,0.04584905085827784,0.06796910196651361,0.034354876060772296,0.08376091221060802,0.03594807281725094,0.023977664289201932,0.009316378703211243,0.0033278630973955026,0.06335122224174516,0.1486889798361093,0.0076706064301669385,0.1516083512785794,0.04325563062517137,0.0,0.012786905639461475,0.023124272740953657,0.020876973871842255,0.053921483776429024,0.0682643188260515,0.0,0.0,0.0,0.0,0.1742052686473658
Chicago Bears,3,14,0,0.176,326,463,-137,-8.1,1.6,-6.4,-2.5,-4.0,2022,2,0.006665718761111703,0.044266751370764496,0.13080696066215558,0.0723885493041529,0.004677159139264954,0.09279298091976525,0.011877316855376978,0.015736437246083423,0.054980474668144104,0.005192555305122957,0.021861043771033078,0.14566211931733897,0.003538167809620766,0.09689307222305095,0.04765055436475701,0.03284090690086399,0.09057882922069584,0.0,0.0035815539077154097,0.050671923935537766,0.05790834990885671,0.0,0.009428574408587175,0.0,0.0,0.15774220426048943
Tampa Bay Buccaneers,8,9,0,0.471,313,358,-45,-2.6,0.4,-2.3,-3.3,1.1,2022,0,0.025090350833458838,0.08863638393809231,0.04606510835470655,0.07789184957430173,0.0,0.07265319688154716,0.12107541096130926,0.019716455258080832,0.01021847704531555,0.005493672415210992,0.09065791250213656,0.06282500707661376,0.004311572069150525,0.080124995385192,0.03791128150659931,0.026967403203573728,0.026850424934083197,0.005161095834021089,0.005404931129228603,0.05906636944075888,0.13387810165661915,0.0,0.0,0.0,0.0,0.22077379454994486
Carolina Panthers,7,10,0,0.412,347,374,-27,-1.6,-0.6,-2.2,-1.3,-0.9,2022,0,0.07720707178991905,0.0954161906055124,0.07233488081978688,0.04657114559217388,0.020253054240536337,0.03133886151090024,0.03342457710716279,0.014260373464002064,0.0071107231054448805,0.005340826049166481,0.0569712092246109,0.10903068217610573,0.008857065045017196,0.12087266110336409,0.05983486172204586,0.039437762306236974,0.02461473601673414,0.004449959075456923,0.01058875673043331,0.028669158007569587,0.12930335084736688,0.0,0.00411209346045337,0.0,0.0,0.21554366156210047
New Orleans Saints,7,10,0,0.412,330,345,-15,-0.9,-0.3,-1.2,-2.8,1.7,2022,0,0.022106489902885072,0.07998847216272768,0.11309707758630272,0.05407990109039422,0.04829246533355697,0.059753962471655375,0.031266693668485696,0.02693461183051093,0.009915376996681026,0.006092017281157732,0.09154385405603682,0.017646514381480797,0.004031527813967933,0.10609895976339108,0.05707810190011905,0.04517649519293179,0.00768121668763473,0.01763542304208161,0.014301194295023082,0.0516439596311798,0.13275408337885866,0.0,0.0028816015329372092,0.0,0.0,0.23288199591853215
Atlanta Falcons,7,10,0,0.412,365,386,-21,-1.2,-0.9,-2.1,-0.1,-2.0,2022,0,0.015795631045116082,0.06939027056191713,0.047966624727979086,0.08639185555588445,0.005263445503859564,0.033564278936312544,0.08573345453188201,0.014872285217394166,0.004735172018080911,0.005948914086957666,0.08223977130946511,0.019991003556374863,0.007582565214090735,0.22803523226521258,0.03473127245532263,0.03203744056161081,0.021778012731241293,0.0037676455884065223,0.0012525785630077774,0.059205263646775454,0.131454894636874,0.0,0.008262387286234634,0.0,0.0,0.16488970041551232
San Francisco 49ers,13,4,0,0.765,450,277,173,10.2,-2.3,7.9,3.3,4.6,2022,0,0.02261546697300877,0.0752203230962061,0.1783980477290214,0.04741807790073077,0.07229131589788838,0.01921579865480738,0.04939636370892065,0.026789339958228468,0.03608091202057048,0.005434717812977162,0.05142370269779926,0.028289632629913762,0.00827832715523185,0.1183876946886362,0.024245503827625657,0.05279440161177815,0.012779855395454646,0.0,0.02360555610029436,0.05191135701570173,0.08106648786703859,0.0,0.01435711725816623,0.0,0.0,0.16965492603768792
Seattle Seahawks,9,8,0,0.529,407,401,6,0.4,-0.8,-0.5,1.9,-2.4,2022,0,0.0247733321205862,0.06464349854390176,0.11155906438288736,0.06648797182435238,0.0015929539861167206,0.057038794583969425,0.0400952395136816,0.023169970183862888,0.008144559631222306,0.009630245923375814,0.038251711568014476,0.046463969218119995,0.02031106926882238,0.14515625332054635,0.0596594804015556,0.008409795547905058,0.012568934947741476,0.0807936860311299,0.003816094089282218,0.04776424014087416,0.11412224233447718,0.0,0.015546892437574749,0.0,0.0,0.13228972790975738
Los Angeles Rams,5,12,0,0.294,307,384,-77,-4.5,0.5,-4.0,-4.1,0.0,2022,8,0.012733230207300583,0.16488576061228014,0.06226346575572648,0.16452974650901056,0.009597086447568353,0.03935547441227339,0.020679985888661313,0.012682868235245195,0.004119435548849326,0.0050172228357379415,0.014150326022615171,0.05116908182764885,0.009502998539632636,0.08313741963630368,0.024150607841939266,0.02939508370882779,0.014687170863341216,0.014454285440312934,0.026841468081744542,0.028870177741310593,0.20777710384367004,0.0,0.0,0.0,0.0,0.12247558243276147
Arizona Cardinals,4,13,0,0.235,340,449,-109,-6.4,0.2,-6.2,-1.9,-4.3,2022,15,0.06189067205953254,0.05759028321763429,0.1207339720866229,0.01667556171086061,0.0,0.072737789342648,0.07360712864575408,0.023238997042870566,0.008005598360955393,0.005787956337346477,0.0671421624196468,0.06324085930950528,0.005715431245959491,0.0802117502228627,0.037204761606436196,0.01828296770467201,0.09891955238577915,0.0,0.006183312067769008,0.04315072060501168,0.13968052362813285,0.0,0.0,0.0,0.0,0.22623690359426835
Buffalo Bills,11,6,0,0.647,451,311,140,8.2,-1.8,6.5,4.1,2.3,2023,0,0.05134547583966506,0.15695212625597738,0.09831646759431512,0.09885249520511677,0.047162250863896,0.051804844976507704,0.009061506609703826,0.009080121230869431,0.020836308567367144,0.0047345694106595195,0.052422399029632395,0.032527475941870526,0.009522109140148135,0.08826191293329358,0.03899478403969085,0.01773114395297121,0.012050163639840041,0.022841837179833107,0.004881872471335364,0.0479621459782035,0.11578659571976731,0.0,0.008871393419336033,0.0,0.0,0.17818573627011172
Miami Dolphins,11,6,0,0.647,496,391,105,6.2,-1.8,4.4,7.6,-3.1,2023,0,0.04080334552506287,0.13846739692923254,0.08319997617597684,0.07527224672526278,0.024092891723632135,0.04569876259514959,0.058789732926494385,0.010934226519892646,0.03455987092880048,0.005335902541707611,0.050851823795720966,0.06863859570777808,0.004885206136623674,0.05946919085228054,0.04107692889142994,0.026716338147629963,0.009362622326659192,0.00790264636186606,0.0168173449068259,0.02993282237143639,0.15424428923855346,0.0,0.012947838671983942,0.0,0.0,0.1808876149703893
New York Jets,7,10,0,0.412,268,355,-87,-5.1,-0.6,-5.8,-6.7,0.9,2023,16,0.016558062720586915,0.10397672288381868,0.079225739174988,0.05421030201421792,0.029433957231478586,0.06267827652055107,0.09650149242775355,0.012511582953801312,0.04593126840719573,0.006200971295879116,0.05069465684456179,0.011123302310547959,0.009584032509697409,0.08997025650196443,0.04940594672518191,0.056451512778847066,0.008365685440695908,0.040766892812944405,0.009837135488090875,0.06745421069114764,0.09422776251148073,0.0,0.004890229754569016,0.0,0.0,0.1962196443526377
New England Patriots,4,13,0,0.235,236,366,-130,-7.6,-0.2,-7.9,-8.5,0.6,2023,0,0.04006864107456566,0.10194991222548937,0.04908988142523603,0.0924262004504979,0.05903725963045664,0.034290129544447996,0.030040222144710887,0.007012292217806925,0.03691677486746062,0.006788327009235938,0.05505142085589156,0.08183559445474278,0.014751377162685033,0.035954513737577035,0.02422615528693794,0.012102694568259293,0.010030749318343336,0.016442946216499797,0.03522109946178303,0.1558219131000206,0.10094189524735163,0.0,0.0,0.0,0.0,0.17673398550494757
Baltimore Ravens,13,4,0,0.765,483,280,203,11.9,1.2,13.2,6.7,6.5,2023,0,0.018227471583282192,0.10180225196675383,0.058028478133792354,0.0473774480816054,0.0,0.03808582165948098,0.08100632656707818,0.026750750558383975,3.890719171603123e-05,0.006016113189416323,0.10626184402642005,0.02578499827492444,0.004689241466943718,0.11683954484224676,0.03643824171800869,0.030057601455317533,0.07205280121656224,0.005485438130469301,0.03147102439425698,0.08691869323143403,0.08808290092632025,0.0,0.018584101385586742,0.0,0.0,0.2241037631187577
Cleveland Browns,11,6,0,0.647,396,362,34,2.0,1.3,3.3,2.4,0.9,2023,12,0.019972119762216925,0.09623669968107738,0.10331574735452642,0.06093450059436755,0.015126488017277501,0.0639726015204678,0.015613203556042872,0.012532875550329373,0.015642501127501332,0.006029864730259882,0.02000806460607982,0.03707040058604156,0.008747810484235768,0.10785525755870921,0.08421196867309515,0.04018925122532327,0.012942099666047794,0.03423203329584948,0.012806900905279636,0.07709404684929991,0.15546556425597136,0.0,0.0,0.0,0.0,0.15694893801936743
Pittsburgh Steelers,10,7,0,0.588,304,324,-20,-1.2,1.9,0.7,-3.0,3.7,2023,0,0.03172126326903766,0.09427197811822703,0.16076406987202146,0.02102676423109767,0.008473152669392973,0.081728260249936,0.021300803623868037,0.024940533398719537,0.026760380603047137,0.004155528064723499,0.004926847122830624,0.1666316224501166,0.004917598862499346,0.0455570276489165,0.030958675240640995,0.0714233861758092,0.0153381336608361,0.04188683873750548,0.007250070240581424,0.016634459482175668,0.11606268755550421,0.0,0.0006911129456834243,0.002578805776829443,0.0,0.1970498270581949
Cincinnati Bengals,9,8,0,0.529,366,384,-18,-1.1,2.8,1.7,1.3,0.4,2023,0,0.030417370817944857,0.10170728824110434,0.1340870436265195,0.14518830777115455,0.0013426488204948254,0.06271387085724443,0.00481103781495348,0.0047531436132250355,0.05750595476102785,0.004058524384932599,0.04797027566391795,0.005626235988043012,0.0036292010736835526,0.09831140598936736,0.054147298814579616,0.07552964843565313,0.007555860480255476,0.011119244890226298,0.0021311886039600404,0.022888335515987054,0.12450611383572506,0.0,0.0,0.0,0.0,0.2187623543787204
Houston Texans,10,7,0,0.588,377,353,24,1.4,-1.0,0.4,0.3,0.1,2023,0,0.025910951415350304,0.09756281235799456,0.04832399510115808,0.08321074648893133,0.03882944565381231,0.05872060778890452,0.033794515986473664,0.01960086597260429,0.021391991224474466,0.004813230297279686,0.11704500191456424,0.04601064868056713,0.015849220602319223,0.04766230259923732,0.03298540426352107,0.06847400108652561,0.0058540643641368335,0.021243884713807507,0.006018123924603745,0.02805276620354374,0.16563137864533742,0.0,0.013014040714852945,0.0,0.0,0.27616868612994844
Jacksonville Jaguars,9,8,0,0.529,377,371,6,0.4,1.1,1.4,1.3,0.1,2023,1,0.0074003713029279035,0.11166864615516514,0.03885127932769742,0.082316762998302,0.006542695523430691,0.07879641332984283,0.06342514061550264,0.009193109898438311,0.01341588481990561,0.005131037230517524,0.09334835560541743,0.1108492973912666,0.011911336427987109,0.05715119232958679,0.030681243277625402,0.015987446147759956,0.01648460700513117,0.029564298935640086,0.0071698823617631115,0.03579907724984083,0.17431192206625146,0.0,0.0,0.0,0.0,0.20270246874771125
Indianapolis Colts,9,8,0,0.529,396,415,-19,-1.1,-0.2,-1.3,2.4,-3.8,2023,13,0.059177810915566,0.07397855179884767,0.06545722822174611,0.13576611987529377,0.0039926419101659815,0.07305130419292483,0.08920223276270706,0.013757780516231232,0.030396748482579346,0.0063428728354053086,0.0,0.018972783358016936,0.01295375438216577,0.13540132428464455,0.051903013722224695,0.08978779606252321,0.016393069973679758,0.013287018747924048,0.011630675776818783,0.042440979568266556,0.056106292612268405,0.0,0.0,0.0,0.0,0.23364758694783283
Tennessee Titans,6,11,0,0.353,305,367,-62,-3.6,0.4,-3.2,-4.0,0.7,2023,2,0.04453791808646496,0.05887081253027271,0.054124929357943705,0.06297903768850331,0.04425435452921608,0.008892143105601855,0.024901971190359674,0.013162004772818077,0.0316136374286273,0.004931520500077936,0.0,0.11413116975138127,0.0043873424475686495,0.17833682216403074,0.08648827977997736,0.009800341851646872,0.01794785018861362,0.04282642994718253,0.05509882453360715,0.031043833525427906,0.10673925612060037,0.0,0.004931520500077936,0.0,0.0,0.11832922757732084
Kansas City Chiefs,11,6,0,0.647,371,294,77,4.5,-0.8,3.7,-0.6,4.4,2023,0,0.008678298865499711,0.050627550265586865,0.11379810571248279,0.1356036122762383,0.0061064522260424955,0.07664086810706511,0.007617801392116435,0.02356751116613265,0.028545048950413217,0.00606557849820798,0.012406865109970869,0.009080295080468447,0.012071420238479064,0.1768391472730363,0.029383615177790468,0.032316519972488744,0.01826800144684266,0.05835821736912223,0.013533734716557264,0.08310546976775066,0.09738588638770777,0.0,0.0,0.0,0.0,0.14357628677158168
Las Vegas Raiders,8,9,0,0.471,332,331,1,0.1,-0.9,-0.9,-2.4,1.6,2023,1,0.0339931080959045,0.047975308236809094,0.16803816056067467,0.06324440471046704,0.02106530064654386,0.023867372706035186,0.047703264925602305,0.019288042598347176,0.025765375312350975,0.006421392762143482,0.07898089355528394,0.009467007888589275,0.011410837312519776,0.06452423527376293,0.10139064142817968,0.03173638008835022,0.01700774114335668,0.009635149932517875,0.01376359087218753,0.032059508152011806,0.16496581275105043,0.0,0.007696471047311574,0.0,0.0,0.1823413453177614
Denver Broncos,8,9,0,0.471,357,413,-56,-3.3,-0.5,-3.8,-0.8,-3.0,2023,0,0.02023918003301775,0.08043988933311115,0.04480712649734097,0.08242894667015725,0.07830900425018561,0.04190148707418417,0.041425428731982676,0.012647012050047195,0.03233741638782585,0.003753654749182451,0.07690043020464499,0.07469221551934059,0.00632080943396815,0.10913067759210883,0.032015106881241734,0.025887274132292765,0.014092134612116928,0.009876715610599706,0.01794275877565326,0.03020019323728358,0.15993889705879274,0.0,0.004713641164921641,0.0,0.0,0.18287113021979295
Los Angeles Chargers,5,12,0,0.294,346,398,-52,-3.1,0.9,-2.2,-0.6,-1.6,2023,4,0.06671885654163505,0.11190817692700772,0.01747730953628312,0.10264912063718705,0.011076140400587556,0.03142652140842772,0.037198328502282725,0.007657756065597094,0.015388353837211101,0.006246712867568598,0.024940703592943578,0.16293073270427302,0.006818756170459495,0.04644488221367542,0.04973325712313126,0.01716129908672692,0.012367635701004699,0.04609082401995734,0.007131467074244622,0.056527859337169487,0.15743997277330155,0.004665333479324886,0.0,0.0,0.0,0.15204418118330276
Dallas Cowboys,12,5,0,0.706,509,315,194,11.4,-2.2,9.2,6.5,2.7,2023,0,0.017053412374716338,0.13531815486679147,0.14556669472270975,0.03343606501526149,0.020578735930843053,0.069791204786859,0.0,0.0033918397711198154,0.026167130694700145,0.005549255068674947,0.03604201770770219,0.023400332900374375,0.013507314568782833,0.1346123076318088,0.08210749388378666,0.05624739795654952,0.02523435157008552,0.028007758943673612,0.022240576861745923,0.021094886440021762,0.09724622640862526,0.0,0.0034068418951675433,0.0,0.0,0.20137460968757298
Philadelphia Eagles,11,6,0,0.647,433,428,5,0.3,-0.4,-0.1,3.6,-3.7,2023,0,0.05319268686117904,0.13176304839157155,0.08907815707762878,0.19009689357961507,0.015487146604392044,0.10170938275181984,0.01586224821272227,0.014571486783514997,0.007309780743846567,0.005234877717909734,0.03218911228848035,0.04988692836470968,0.00502696474741142,0.03832986082136171,0.02348933148293547,0.06609948683894007,0.014459395772231754,0.0,0.007830924669153144,0.04073130388628015,0.09765098240429636,0.0,0.0,0.0,0.0,0.2610215934095724
New York Giants,6,11,0,0.353,266,407,-141,-8.3,0.4,-7.9,-6.9,-1.0,2023,11,0.007647704342686407,0.1291926753507777,0.14193995470717338,0.0569537689848332,0.004206983009083176,0.06819286283452793,0.011849084008442591,0.02382159373754954,0.02828787906746278,0.004934254007993832,0.0,0.041609760694677804,0.0071608221431203,0.1049396599811605,0.06244151426486568,0.030801179947741304,0.008701441698615756,0.011949080414157426,0.0494787881477527,0.0288979095058352,0.17564295489159587,0.0,0.001350128259946938,0.0,0.0,0.15612053527270833
Washington Commanders,4,13,0,0.235,329,518,-189,-11.1,0.0,-11.1,-2.8,-8.4,2023,0,0.02718071961990279,0.15365281340170572,0.09948635655298071,0.15298151766605622,0.02779842394435597,0.04829943159064802,0.0,0.010722845152095848,0.030626704396236926,0.004348492430939812,0.04950760421286806,0.026180241663909604,0.015970194907376795,0.04453864233229968,0.03586708202071259,0.019012133752554297,0.02364277846129198,0.01378151163571062,0.00420092326708282,0.05739912545022489,0.15113550914797405,0.0,0.0036669483930726002,0.0,0.0,0.148200812443056
Detroit Lions,12,5,0,0.706,461,395,66,3.9,0.4,4.3,6.0,-1.8,2023,0,0.07363185127143095,0.08805254415458173,0.08845485605684776,0.044038404547374226,0.028296416068784986,0.054994085460000244,0.011163895674060254,0.007031640371904499,0.0230744944137193,0.0072342734361633245,0.08661254237703275,0.049876470372118634,0.008795537249140535,0.16188007710637944,0.041149699453135125,0.02941904890100277,0.039973053517616895,0.00513215346191988,0.01656549247452938,0.02202074876636883,0.10165768707216985,0.0,0.010945027793718663,0.0,0.0,0.2612230204839961
Green Bay Packers,9,8,0,0.529,383,350,33,1.9,-0.8,1.2,0.9,0.2,2023,0,0.007003985347733225,0.11010157613002587,0.024957413059195348,0.08306548430421812,0.03668955367139614,0.0507826808209339,0.044024364138390136,0.008228522132487115,0.01019256438865325,0.005870328587423383,0.09628680345180457,0.11320987842751289,0.005618087905932534,0.20990957694394694,0.052379598230675624,0.008558228220360908,0.020562609906997667,0.015841632036467067,0.020695829676378508,0.03132969601659131,0.043307317260019,0.0,0.0013842693428565227,0.0,0.0,0.1833275275172111
Minnesota Vikings,7,10,0,0.412,344,362,-18,-1.1,0.5,-0.6,-1.6,1.0,2023,0,0.010719576749372186,0.0523330455159144,0.06963885420366397,0.08724579873475,0.005262123585072723,0.04160631912294584,0.032575299226098794,0.009456078195233659,0.0154227918707678,0.0060951346242869575,0.017109581290030453,0.13107355113823949,0.004097370963234723,0.11482908142399108,0.05416860016892996,0.0505302118813567,0.02177471668573622,0.05559722681636049,0.020141937394627663,0.04671867624212495,0.14083400860487105,0.0,0.012770015562390895,0.0,0.0,0.14010762643833286
Chicago Bears,7,10,0,0.412,360,379,-19,-1.1,-0.9,-2.0,-1.2,-0.9,2023,4,0.001833393048853273,0.04651955041114219,0.1865433989947363,0.06079195086480784,0.07561226077332416,0.13577950624890875,0.08572195852629234,0.02250723043040306,0.027834675864456652,0.004892488241193947,0.003574408570651319,0.009109733109338158,0.003908593076505436,0.04354547049825635,0.034405752163169,0.041432936183369705,0.009347237019241056,0.008770190645379636,0.0032016107243975182,0.05493638393930477,0.1299896633164616,0.0,0.00974160734980694,0.0,0.0,0.18582185477618055
Tampa Bay Buccaneers,9,8,0,0.529,348,325,23,1.4,-0.3,1.1,-1.6,2.7,2023,0,0.032477067014959476,0.06364860823813638,0.05790415348152498,0.056884083623839996,0.009500052706813285,0.03753429681450607,0.09117011266936911,0.007778943561256424,0.01623972940828585,0.005557026923357319,0.05214186527326653,0.07557785066349851,0.004649841160454932,0.17453243262644688,0.042819118831763266,0.010167682773286727,0.012245988489336269,0.00488419301188083,0.013322518277041433,0.03408234143196912,0.1968820930190066,0.0,0.0,0.0,0.0,0.14564343015306022
New Orleans Saints,9,8,0,0.529,402,327,75,4.4,-2.2,2.2,1.7,0.5,2023,0,0.021463864534769683,0.08562754362400403,0.1804731707758369,0.06753047088646122,0.03442256936397856,0.07363064974772891,0.04105250515852656,0.01473932750639251,0.014306910717172081,0.007005987262298926,0.04523459888444277,0.01430096129627361,0.006144409540721711,0.058647727011728996,0.06056834246481016,0.05509366902940753,0.011475067992652918,0.027876319973913242,0.006596570063625021,0.05915082491645587,0.1126008077109755,0.0,0.0020577015378232732,0.0,0.0,0.20201935225997392
Atlanta Falcons,7,10,0,0.412,321,373,-52,-3.1,-1.9,-5.0,-3.6,-1.4,2023,0,0.022457064321445667,0.07583850713236195,0.04882243455258577,0.14525780990366352,0.04266989005496466,0.07904192891618524,0.09522478116297728,0.02138884383597281,0.002120015309058238,0.003907663615559921,0.09537314661648208,0.05952830098424165,0.012001369209398352,0.044685952528714254,0.05256868021985144,0.029168979636715744,0.009645012116676727,0.010128524852942716,0.009312564265907436,0.08115331592431763,0.05447253884902598,0.0,0.005232675990950929,0.0,0.0,0.23535368375673615
Carolina Panthers,2,15,0,0.118,236,416,-180,-10.6,0.7,-9.9,-7.9,-2.0,2023,0,0.023724938463588537,0.0940355775353715,0.061719552092751796,0.05726654976311535,0.02769231954940686,0.04728747762906923,0.006744180533579945,0.009657998213547576,0.014377677873220649,0.004974199167011289,0.026916757862509046,0.165156623559037,0.009230777479186044,0.04043124321229403,0.10060925212369454,0.06319310598010133,0.015169710617442028,0.021611608155075665,0.008770090512025715,0.03568586887503821,0.16170620340487601,0.0,0.004038287398057623,0.0,0.0,0.16989237044729386
San Francisco 49ers,12,5,0,0.706,491,298,193,11.4,0.4,11.8,7.1,4.7,2023,0,0.035103907092240615,0.06781037499491761,0.14632695328748985,0.07941509859754928,0.04257879347327393,0.01802595150145607,0.06112232667328493,0.004893819566079842,0.04514172608283761,0.00629033382094865,0.06824776120252818,0.05032891077922831,0.009021992731241091,0.08047094240688642,0.036876989299275055,0.012719831879776693,0.014350476870457577,0.009929675371058521,0.006738265735618402,0.06759051905649363,0.10335055057011376,0.0,0.03366479900724398,0.0,0.0,0.14083571741161993
Los Angeles Rams,10,7,0,0.588,404,377,27,1.6,1.4,3.0,2.0,1.0,2023,1,0.015040127306256564,0.11542734209225373,0.026221188395373643,0.1450915903326024,0.0,0.034728317485513194,0.04455815676162214,0.004298602048956397,0.00957294454353166,0.004171239063831777,0.009209181860059317,0.09474478129247534,0.003669863575824568,0.10117537340630849,0.021315305267019354,0.04903871382576959,0.013097791132605873,0.017155223127011038,0.03547990644465822,0.04580960629835839,0.2101947457399683,0.0,0.0,0.0,0.0,0.14349624692225688
Seattle Seahawks,9,8,0,0.529,364,402,-38,-2.2,1.3,-1.0,-0.2,-0.8,2023,0,0.006901711579034389,0.05636750383799777,0.11682978523502532,0.06221442830762879,0.07367033659605822,0.07420380053997903,0.06695173214439668,0.014140983315044483,0.05586463372541349,0.0034988048868893912,0.03088182827731313,0.010011923174754207,0.015350409519620656,0.06734312107075452,0.031171657963961312,0.005700030353806751,0.00593565448829368,0.053478342790999736,0.00670067238235909,0.08423627465693254,0.1464521031079751,0.0,0.01209426204576173,0.0,0.0,0.12438804313249241
Arizona Cardinals,4,13,0,0.235,330,455,-125,-7.4,1.9,-5.4,-1.8,-3.7,2023,0,0.031241651529084112,0.05048261222105379,0.06317260893191212,0.03012599598495856,0.08190839315013508,0.03477299054276412,0.03750628267135812,0.012607520603347707,0.027802333662149695,0.00700011721784974,0.06901662567954078,0.05790121201642869,0.0041159153599101455,0.09832280732202252,0.059141704937292115,0.02338326473864087,0.009152794053959528,0.024150278784830864,0.007475338222642909,0.07436104076980586,0.19635851160031265,0.0,0.0,0.0,0.0,0.1658898707126728
