,Strength_of_Schedule,Games_Missed,C,CB,DE,DT,FS,G,ILB,K,LB,LS,LT,OLB,P,QB,RB,RT,S,SS,T,TE,WR,OL,FB,WLB,KR,O_Line,QB_Lost,Win_Loss
0,0.9469905548300788,-0.4449695297159004,1.4041750901817958,0.23481893243164034,-0.727296749846462,-0.5574113491021117,0.0739872625474282,-0.07210360285280894,1.3294251783522244,0.5980850189379491,-0.19303553431745207,-0.8146710093908138,-0.8383126269341347,-0.7204550919308326,0.12686958498863327,0.6889298645539921,-1.522925541876544,0.5738116043205451,-0.4257944024759988,0.15546869263105048,0.6559830266042107,-0.730520096285751,-0.9185275469387574,-0.11409352874950007,0.40004751986718673,0.0,-0.08263496336711869,0.39779318100110284,-0.26782449067609027,0.5316571665887034
1,1.8815281555619734,-0.14277097210135842,-1.171807323214678,-0.7677746578193707,-0.22250609035452662,-1.0643455168890155,-1.0694029842720236,0.9748805600166435,-1.0801198197169126,0.8573881136234006,-0.5584148285885291,0.43259629119646015,-1.3660763318940503,0.8858096061662957,-1.1617048424377963,-0.08480596551652651,0.9206120822890235,-1.5063287027871535,-0.7213441358432647,0.9151070306644898,-0.76212382845432,-0.3309119404419725,-0.2592270285642423,-0.11409352874950007,-0.842079754673538,0.0,-0.08263496336711869,-1.4960946526446608,-0.26782449067609027,-0.6286520592690813
2,1.3783156013217224,-0.4449695297159004,0.6930801085808295,-0.3787225655953483,0.04479598078575719,-0.3488435998503583,-0.6472628912365107,-0.7547838690439571,-1.1425844610239237,-0.09063525687747706,-0.5131513236688123,-0.29334150640517487,-0.34926368784520206,-0.4368865431659849,-1.1035471430359665,-1.459982810099737,2.2303334138874207,0.6741425506801064,-0.7213441358432647,-0.43446417825921463,-0.7344251631804182,0.0006583816241870167,0.19184337072359403,-0.11409352874950007,-0.3342834353361299,0.0,-0.08263496336711869,-0.1639571185438804,-0.26782449067609027,1.029689437048209
3,1.7377531400647588,-0.4449695297159004,-1.2055087993132207,-1.1859858718054543,-0.49059907420848814,1.2363556674654828,-0.05494712583885386,-1.0256123712148455,-0.10579020986484132,-0.6164751712515592,-0.5584148285885291,-1.0191836248184736,-1.051457550240285,-0.8875503654480268,-1.1093069828391022,0.007525233418840396,0.2502724532870479,-1.2588316135356925,-0.5426921015998729,-0.2873756047311983,-0.5326939455889244,-0.2760428317432802,0.6592127383794927,-0.11409352874950007,-0.4220558209314675,0.0,-0.08263496336711869,-2.2017743304293633,-0.26782449067609027,-0.2948644737483487
4,-0.8501971388851035,-0.14277097210135842,-0.6751556497325524,2.43536330894666,0.7207511208349381,-0.6147536903394667,1.1297334463985682,0.5830435964951954,-0.21526515287667425,-1.1122608215223997,-0.48966297643745826,-0.6001351741643377,-0.7476738203828892,0.4351367923009268,0.34480425693049277,0.01186508154159427,0.9264799727300871,-0.2412360972240086,1.027120136688083,3.5567752753815816,-0.5894204802197378,-1.008363585997866,-0.7171061451093713,-0.11409352874950007,-0.27356393371388527,0.0,-0.08263496336711869,-0.6000807410842179,-0.26782449067609027,0.6959018515274767
5,0.30000298509261314,-0.4449695297159004,-1.0095615958805992,-1.546055296022578,-0.4015535212684277,-0.3025962078800293,-0.025768868968316296,-0.27372301810761107,0.9119562057097413,-0.4315871505444049,-0.5584148285885291,0.5809683180472077,0.5080184213402891,-0.011709179065965648,-1.0722050514100623,-0.7466127792186795,-1.1602363278282706,-0.764841554614075,-0.39258405536271396,0.658986634113537,0.01731519357370358,-0.5542829097948875,-0.08109177852137545,-0.11409352874950007,2.7840677984465674,0.0,-0.08263496336711869,-0.5616677668083364,-0.26782449067609027,-0.6286520592690813
6,-0.2032095691476379,-0.4449695297159004,-1.0927700187707836,-1.6886410279140953,1.231833431754796,-0.6714631083532433,-0.8975613040622489,1.015819905079841,-1.4404532336738294,1.2662659736971655,1.0792597212705668,-1.5773133232076668,-1.2097443063323792,0.34299437201920563,-0.9690496281284847,-0.7778641721819082,-0.6038960529383589,-1.0892835705604103,-0.7213441358432647,-0.35260779199664544,-0.42235738196561634,0.46046155884964196,-1.4641400882495734,-0.11409352874950007,0.22063422428825508,0.0,-0.08263496336711869,-1.1234982743512196,-0.26782449067609027,-1.6194183845449068
7,-0.2032095691476379,-0.14277097210135842,-0.6703081411710821,-0.9097770657797113,-1.4320656689862932,-0.16109405931822043,0.7397631382022155,0.3978508701060187,-0.3744723200774215,-0.7190324655070289,-0.5584148285885291,-1.3106191332084822,0.1487181782981674,-0.29005287888353876,-0.2951377637217927,-1.2797562272404017,0.7132648709983943,-0.5219930486896511,0.9005293790028825,-1.0936447513325611,-0.7650287195122593,-0.1279831077821087,-1.2993794900068607,-0.11409352874950007,-0.24689556914056324,0.0,-0.08263496336711869,-0.3329988024771149,-0.26782449067609027,-1.9532059700656395
8,-0.9220846466337108,-0.4449695297159004,2.8262804700673225,-1.3928235209029403,1.2858065867797706,1.0798105617552327,-0.04901661430386778,-0.7073478607804268,-1.046192813251134,1.8498628461659603,0.540498912586713,-0.40881638888001787,-1.4096495904586879,-0.8669086462660549,-1.161452192508377,-1.0489542186546108,0.03548564965806286,0.6408312566508527,-0.339845003451331,0.7511976868352519,-0.44658725141908984,1.370139305689195,-0.020833550669013105,-0.11409352874950007,1.0157106037699806,0.0,-0.08263496336711869,0.14252167911334343,-0.26782449067609027,0.6959018515274767
9,0.2281154773440058,0.46162614312772554,-0.3268697472119407,-1.183910043195197,-0.9388076262566509,-0.36699925707074565,-1.3030763482229575,0.2930443018237868,1.783354458722656,-0.2510400613942859,-0.06894438457865654,1.9194772722013898,2.392232826328252,2.8576658005510582,-0.6336520252607938,-0.7718469278949159,-0.8923743992364601,-0.822215476486607,2.8642807178740015,-0.7018087962742537,-0.7143692710893769,0.6343240799969678,0.30912767414362935,-0.11409352874950007,-0.842079754673538,0.0,-0.08263496336711869,0.9016618972125963,-0.26782449067609027,0.812462595677574
10,-0.4188720923934598,-0.4449695297159004,-0.9116840487474617,0.04752700475601007,-0.2278431618673439,0.5418018121136619,-0.11555534236474238,0.36117423959599015,-0.15003342079707313,-0.675381445307297,-0.5584148285885291,-0.7057518009581855,-0.43119797703394974,-0.7495895463237849,0.526738242555514,-0.8326130085879837,-0.9992145406305327,-1.2385211098178832,-0.6551579693091131,-0.8363241777638004,-0.7650287195122593,-0.23720103463597703,-1.1872727918663246,-0.11409352874950007,-0.38181608176758086,0.0,-0.08263496336711869,-1.0674947585603938,-0.26782449067609027,0.8601465364662501
11,-0.13132206139903066,-0.4449695297159004,-1.0204700795362909,-0.6978021431642047,-1.0766099252000962,-0.5578105872665774,0.3064170756448947,-1.347721471708898,-0.2645346444276334,0.6723134161419707,-0.5139092030577194,-0.34780935882738007,1.0128208600458342,2.1308836337387063,-0.6760277828882852,1.2653291018730446,-0.34577903198597887,0.5758768715060838,-0.33111070183892666,-0.08120343052054967,-0.41901844054678467,-0.5691081788082241,0.6579872871050333,-0.11409352874950007,-0.842079754673538,0.0,-0.08263496336711869,-0.35510925564514473,-0.26782449067609027,1.4376520415735494
12,-0.13132206139903066,-0.4449695297159004,1.7637451257927252,0.36736802466927326,1.967487835154911,1.0205060956724288,0.5425457811307307,1.0862497430945801,-0.012807895524694116,-0.5791028989746636,-0.5118666589663673,0.003593905672992796,1.0852857204989939,-0.5080513532008997,-0.9888402178287625,-1.0748131916571437,-0.6728094489855434,-1.08055721710781,-0.3833487613069463,1.2309777322378126,-0.640675094649938,0.2936287513414721,2.0494884366687875,-0.11409352874950007,0.18762517801713838,0.0,-0.08263496336711869,1.2987852265046747,-0.26782449067609027,1.691966392446488
13,-0.13132206139903066,1.3682218159713515,0.17866538582133573,-1.3213289538879947,-0.30191160773509435,-0.09968491924686186,-1.1699638624997022,-0.6126290847249661,-0.17895333832035307,-1.2430306881229594,-0.5584148285885291,-0.20261124160351252,1.0069760088179798,0.5905149241915777,-1.1503625963697424,-1.2612574878342548,-1.3495589170692146,-1.3821304628871525,-0.49109568667135733,-0.25435599389367025,-0.42235738196561634,-1.1387426975621826,0.204483905529303,-0.11409352874950007,0.33974105256649373,0.0,-0.08263496336711869,-0.31521990857526544,-0.26782449067609027,-1.2909290146673604
14,-1.5690722163711768,-0.4449695297159004,-0.6965812118935085,-1.6586137869697974,-0.1431491869941849,-0.2780865545956466,-0.4925810451512004,-0.14519090221048317,-1.3281297806569217,0.8753822222422857,-0.3546781065749195,-3.2132063918404903,0.620227922016317,-1.0776711131078616,-1.173023945000865,0.7904661155300594,-1.048554744684913,-0.7475284864192256,-0.3035035342161626,-0.5517064024324105,-0.2281126313328389,1.12129077865284,0.19913139359254176,-0.11409352874950007,-0.019035421456118636,0.0,-0.08263496336711869,-0.3471746658120765,-0.26782449067609027,0.6959018515274767
15,0.3718904928412204,1.9726189312004354,-0.8431190434060286,2.1417855993654173,-0.4218660793862141,2.494912749798254,-0.8542280522844417,-0.5369203172152949,-0.8010792445791136,0.11869140049183739,-0.18311441091248623,0.10191251989443054,-1.0822162708129575,-0.3624726922406388,0.12317337437999101,-0.2147021281952161,-0.8518014600110645,0.03376635364750179,0.22754200381801973,-0.441604630880632,2.4666295176669837,-0.7357531164896834,2.5623507190247685,-0.11409352874950007,-0.842079754673538,0.0,-0.08263496336711869,-0.7548641711540357,3.733788487660788,-1.0578075263671662
16,-0.7783096311364963,-0.4449695297159004,-0.773011912828555,-0.2137728461735824,2.757993936181419,-0.509605093001575,-1.3030763482229575,-1.3081127970699729,1.230274969440724,1.2989657541761481,0.3600717583327646,0.2015508470584379,-0.18063293178386236,-1.2870273209517888,0.21655066680541615,0.30500617426887944,1.4514268812419295,-0.6835369155120505,1.15209920200558,-0.6946170167012103,2.6618776340232086,1.4836122177181776,0.7092135806594096,-0.11409352874950007,0.45405305354287046,0.0,-0.08263496336711869,-0.8672416872974156,-0.26782449067609027,-0.7452128034191786
17,-0.7064221233878889,-0.4449695297159004,0.0776626786382477,0.6329073435324446,-0.6089682301949029,0.7270841462686055,0.755134827935131,0.6369730350377165,-0.1169549190469751,1.448398422318371,1.6504091834546617,0.3912595825528228,3.5077965923630545,-0.33835677306793577,1.75697560841648,-0.8528353220682985,-0.17809397099983348,2.6067351068172355,-0.2926949367822344,0.08453593754671533,0.05617111736256703,-0.6001113332567991,2.0693245699835012,-0.11409352874950007,1.710358292828405,0.0,-0.08263496336711869,3.4089853003643746,-0.26782449067609027,0.499867872729586
18,0.9469905548300788,-0.4449695297159004,0.5803999282445297,0.31210484486365525,-0.9157826551129186,-0.46392337223404684,0.8046038647127501,1.0376761775749255,-0.45640391216091364,1.1077996821012854,-0.5584148285885291,0.6716985828488701,-0.45053834044963553,0.9790188223822054,3.157704425312812,-1.5298534894654596,-1.3390463335879885,0.7718406144857164,-0.30828086653668324,-0.41675392280694246,-0.7076420916733296,-0.6643206533154985,-0.16354817738132998,-0.11409352874950007,3.704766233789166,0.0,-0.08263496336711869,0.6868447995554317,-0.26782449067609027,1.3581788069257559
19,-0.5626471078906744,4.692405949731314,-0.6978762211659318,-0.009295127329885378,-1.1669560901582043,-1.1154571783845857,-0.24340778312583874,-0.7152144205173123,-0.3257306965504054,0.6132455412965615,-0.5584148285885291,-0.5737805067012222,0.3148197950356379,0.7795697381238442,0.8915695622005562,0.1750859377982835,-0.623071934553439,0.3283323477308776,-0.16531284975796737,-0.5058689774890889,-0.4936973461983312,0.5340701615455508,-0.38254235900970185,-0.11409352874950007,-0.842079754673538,0.0,-0.08263496336711869,-0.4162676903540626,3.733788487660788,0.0336248961291977
20,0.012452954098183935,1.6704203735858936,-0.6688525341639142,1.8476738119874971,0.017216499203513033,0.5282268345888449,1.5512409048308808,-0.917677843770406,0.2587103179527727,0.7767040434940575,-0.5470116097159408,-1.035680036600594,0.502955694408965,-0.3519532787822113,1.1034618507159215,-1.5697889557272697,0.2365346144810854,0.030475783427239517,0.07608776217445039,0.03239294199299924,0.5261586838968466,0.6391676930754994,-0.7292786665227011,-0.11409352874950007,2.599873500982395,0.0,-0.08263496336711869,-0.33801403943968056,-0.26782449067609027,-0.12002335752320317
21,-1.5690722163711768,-0.4449695297159004,-0.07672702766455163,0.0520651400912118,0.40430650781280886,-1.1710378937917068,-0.8442992620335471,-0.47362747635464864,-0.3848961142439437,-0.7102092017019959,-0.5243766728889021,1.2844907913192976,-0.06243526778706974,-0.9591499739643738,-0.35239383074191616,-0.3681773663565805,-0.19548259140840188,-0.3017577527733902,-0.7191930620426549,-0.5748360195324282,-0.7371340702803921,-1.5576673927032219,-0.6780499181380475,-0.11409352874950007,-0.13246000350313653,0.0,-0.08263496336711869,-0.5637982440096979,-0.26782449067609027,-0.6286520592690813
22,1.522090616818937,1.6704203735858936,-0.440967112722139,-1.1046476267509562,-1.4669730285352784,-0.021062153064847128,-0.0989739637264822,-0.5156535140448602,-1.2069025530018564,0.8570398360594537,-0.5584148285885291,1.3018252208199497,-0.33885354383307503,1.6492085795958413,-0.6627906623495865,0.3108706594035932,-1.2747692420701124,0.7085515009077129,-0.14303400936445845,0.6740707515461788,0.445515493438633,-0.4675243458375163,1.3485106690358084,-0.11409352874950007,-0.10433219338776285,0.0,-0.08263496336711869,-0.25644305120807337,-0.26782449067609027,-0.2948644737483487
23,-0.05943455365042336,-0.4449695297159004,-0.23406913397562285,-1.4630637680639735,1.4446651136991269,0.6534038379425302,4.079762546708931,-1.2867888789558335,0.8565612739015102,0.5749350092623927,0.2829190906505139,0.15206161171207663,1.5485162414461568,-0.6022703365416769,-0.4395995218380143,-1.1369402075772082,-0.9053211760491551,1.603012323298426,-0.4762307602079047,0.9522054960620843,0.10467594460340175,1.0529633797908957,2.0855006740961817,-0.11409352874950007,-0.07304095513180232,0.0,-0.08263496336711869,0.8041435947209801,-0.26782449067609027,2.0204557623240347
24,0.30000298509261314,1.3682218159713515,-0.05296298557943296,0.18181358385166713,-1.0659977338874163,-0.12424322025468544,-0.28200549984137196,-0.9397793872312858,1.080263716838502,1.4120075962166783,0.12786861336582653,0.04483493512829386,0.5265600277469069,0.20913851861470784,1.3504541574791264,0.5694532767176783,0.9702718123477538,1.211851251329562,0.18185362212051331,0.8036527393342261,-0.40901183631263754,-0.40344150780765037,-0.2716204847025347,-0.11409352874950007,-0.7975100678416698,0.0,-0.08263496336711869,0.22128364139400838,-0.26782449067609027,-1.370402249315154
25,-1.2815221853767473,-0.14277097210135842,-0.2388320592206873,0.60231550606023,-0.9706397127466696,-0.1715804720757443,-1.0328386191585823,-1.003602642720072,-1.005792977802815,-0.46641490693910376,-0.5526829676640223,0.10422201754392739,-0.5489862055372323,0.48368604585501596,-1.0894508198747004,-0.562580458137931,-1.33801988489621,0.8433620163083216,-0.5069938898869625,-0.6858887047677884,-0.7650287195122593,0.2874573086122571,-1.4998535728322127,-0.11409352874950007,0.04879812110615651,0.0,-0.04962726960698224,-0.7068012471553048,-0.26782449067609027,1.3581788069257559
26,-1.0658596621309253,-0.4449695297159004,0.12107548040766561,0.6125502400241551,0.4044684298955618,-1.4767956236720778,1.1489957572054301,0.6401359097504153,0.7555500539617861,-1.262229140557973,-0.4985032346395171,-0.029398917891248055,-1.4946075520638438,0.9694270200749583,-0.6699747920220063,-1.534519756321198,0.26617681566904505,-0.20292872200837037,-0.1513889374331439,1.2252211962003963,-0.34744521933342404,-0.5922154725374082,0.5727819693004882,-0.11409352874950007,0.022008784137400962,0.0,-0.08263496336711869,-0.6186700085811762,-0.26782449067609027,1.029689437048209
27,-0.8501971388851035,-0.4449695297159004,-0.259973742081157,-0.12696273132948258,0.9977548052936676,0.21321346678353306,-0.27956206837098174,2.1270969591449944,0.25872136770575277,0.7477907366903064,-0.3403893961273989,0.7541806417594722,-0.730973996784347,-1.0357929985205876,0.795138291429822,1.2497279716018075,-0.599261273592842,1.3384934351467987,-0.5100927523537678,2.542521949367752,-0.7145297855580172,-0.23582015666184503,-0.9970927943260647,-0.11409352874950007,-0.842079754673538,0.0,-0.08263496336711869,0.9792316521775375,-0.26782449067609027,-0.2948644737483487
28,1.3783156013217224,-0.4449695297159004,0.7837509360233326,-0.17893557574304672,0.6231380324123721,0.5735235218243331,-0.733174156583653,-0.36953861661028975,-0.9407605289874861,0.5071838781926571,-0.24569268492018537,-0.3098379181872953,-0.4675187927213393,-1.491470059610782,0.8915695622005562,0.9531017597907707,-0.5223665907639683,-0.8855117851889989,-0.11522521889745607,-0.5307816601267099,-0.27362599791466996,-1.148324985332686,0.9212804767280922,-0.11409352874950007,-0.2458586628939901,0.0,-0.08263496336711869,-0.5548640551823936,-0.26782449067609027,0.6959018515274767
29,0.5156655083384349,-0.4449695297159004,-0.021496056963978816,0.597419469240501,-0.18539427196529057,0.02854205752761445,0.20226122617998155,0.13670647605035913,-1.2996223872448978,-0.08462537923400783,0.9640402184960358,0.6068808816745624,-0.41853661472023695,3.1105187311535065,0.359911179809436,-1.006804838948031,3.8717855247339403,2.384872913330947,0.41777106047930096,0.1415061236945769,0.4622342476441982,-0.1508701003951379,2.0749581599870206,-0.11409352874950007,-0.029836528191255374,0.0,-0.08263496336711869,0.8839950762547513,-0.26782449067609027,-1.990293479567943
30,-0.13132206139903066,3.4836117192731457,2.1140483127680105,-0.14155276568418826,-0.14955115485262063,2.173613266473283,-1.0943358869706963,1.2891437914703976,2.2673433320158387,0.4948311695545853,2.5372545333438863,1.4717745542817107,-1.6303005088064657,-1.1015241824337156,1.0844321037420248,1.2803678902506148,0.8724325431000867,3.8216353241056655,0.4625758502242173,-0.41980514627168825,0.8003167951566419,0.12589250077020633,-1.0033947118725959,-0.11409352874950007,-0.842079754673538,0.0,-0.08263496336711869,2.276589688870568,3.733788487660788,0.1872731497815986
31,-0.6345346156392817,-0.4449695297159004,0.7597939555236671,-2.033571774221744,1.3365921578939226,-0.7751677356674518,-1.0073408057529545,-1.1422171626417348,0.8634999372070528,-0.4306579460037943,-0.5584148285885291,0.02009031745511322,-1.1355740126332245,-0.5983311608377992,-1.143448474255481,-1.0517918621624083,0.8995820855778978,-0.8807073075002145,-0.13846862297780116,0.2346454297967621,-0.32135951405713215,0.2145526965493607,-1.1948088753347998,-0.11409352874950007,2.0534809388819184,0.0,-0.08263496336711869,-1.339188165977369,-0.26782449067609027,-0.13061978880957564
32,-1.5690722163711768,-0.4449695297159004,-0.5010516731376492,1.7301600501376444,2.053849395573158,-0.7135975678603625,-0.23570664200005667,1.1051948776854448,-1.603947317320216,-1.125819963641984,2.0854146661225954,0.8531591124521948,-0.08210441738082214,-0.9845402345220342,1.180863374512759,1.2349453502553862,2.5543363410605657,1.7940921757349142,1.0866795248760848,0.46639480685916834,2.2045935552673472,-0.9897876383602764,0.10592688858769703,-0.11409352874950007,-0.18825333636562006,0.0,-0.08263496336711869,1.449216254141511,-0.26782449067609027,1.1250573186255615
33,-0.2032095691476379,-0.4449695297159004,0.46001934912249454,-0.4640601516571785,-0.3617179465818596,-0.04765649328861891,-0.8068285643638041,-0.42614469849570735,2.349344130446943,-0.43855270182334466,1.0940511068229748,0.8878015771946476,0.625391605644671,0.45756845242685756,-0.7091123875770164,2.235309887658403,0.3533903836376057,-0.9289527484126653,0.16230975528452846,-0.9336504526433067,1.02647566969293,-0.3091127859377378,2.860266834879748,-0.11409352874950007,-0.842079754673538,0.0,-0.08263496336711869,0.1235420660266054,-0.26782449067609027,0.1872731497815986
34,-2.431722309354464,-0.4449695297159004,-0.5540309585589989,-1.672562373082467,-0.2581641002363358,-0.5202204787933374,-1.20149050385521,1.0378259695970942,-1.4886109649907402,0.4624782735292937,-0.5584148285885291,-0.7057518009581855,-0.006874658573756055,-0.6378233033616661,1.5238375823249066,0.21575149651281728,-1.2045744374406457,-1.1995552474776685,-0.30734049759115567,1.005832331946052,-0.7542351735573252,-1.3845883188480472,0.6195080679904036,-0.11409352874950007,0.05758071701463089,0.0,-0.08263496336711869,-0.3263561616061385,-0.26782449067609027,0.0336248961291977
35,0.012452954098183935,-0.4449695297159004,0.098573277666968,2.232313173117408,0.7415973113132058,2.567414702156539,0.119651851070806,0.04575814839176066,-1.603947317320216,-0.013654073808018346,2.494981604116051,-0.06896391190948568,0.4681289217954372,-0.917983056666559,1.6630197283664305,-0.9685327622806227,-0.08312891060752514,-0.4246675324357035,0.9501931179956672,-0.4073220494142642,-0.21154417157356614,0.8389381814476068,1.5204030402003148,-0.11409352874950007,-0.1476619131664374,0.0,-0.08263496336711869,0.11282562274800598,-0.26782449067609027,-1.370402249315154
36,0.7313280315842569,-0.4449695297159004,1.1292309390510158,1.6280583862848645,0.6118610755359344,-0.9954125727062691,-0.9578881161227049,1.0800403788374862,0.21728770186019236,0.505279496472995,-0.541583173492755,0.02009031745511322,-0.6704908782744731,1.5741895827953458,-0.7773259398948185,-1.1613074808921624,1.2654691016426578,-0.8271723842179884,-0.38340037675507127,1.1003165133871184,-0.1150028345865438,-1.0861423892121984,1.333652686040558,-0.11409352874950007,-0.3920710845461891,0.0,-0.08263496336711869,0.25363954774684694,-0.26782449067609027,0.6959018515274767
37,-1.0658596621309253,-0.4449695297159004,-1.3288544935825952,-0.8725236828856062,-1.2677415550288553,-1.0920373849509328,0.08498375505222934,2.328412048737491,0.22438513266908028,-0.5335161520745143,-0.5584148285885291,-0.375823565315777,-1.4143433032560406,-0.6082895241310924,1.4074768608239847,0.058552480448847866,-0.5679733990936952,-0.8170325885522143,-0.7213441358432647,0.6522139336402059,-0.7630243927765039,-0.5996765223261757,-0.6658252315813237,-0.11409352874950007,0.5315617954742117,0.0,-0.08263496336711869,-0.6179029582175861,-0.26782449067609027,-0.2948644737483487
38,1.2345405858245078,0.46162614312772554,0.7750410657620604,-0.06259581399534628,0.2250042895723897,1.2718543009449002,-0.20197920754725768,-0.9301536872282983,-1.4238353744683694,0.033715854219539494,-0.5584148285885291,-1.0191836248184736,-1.310189644153548,-0.5467448460495238,2.145176082220102,-0.7499018063247213,0.22091774924381372,-0.38913587631742935,-0.36408168231153176,0.030777508095280844,0.26071765052200985,-0.7445109545520948,-0.12489306967732718,-0.11409352874950007,-0.7264932231024152,0.0,-0.08263496336711869,-1.0173632321015385,-0.26782449067609027,-0.9571414291466278
39,0.30000298509261314,-0.4449695297159004,2.999040511745999,0.2898551638540465,0.4871007963571344,-0.4103535551005272,0.1732268242062958,0.4123587123912586,-1.1204504488176197,-0.5563192772963794,1.7866641609125358,2.119093752612116,2.112059812128725,-0.25220878272838704,0.18279972203565914,1.9208053837144423,0.25562356062004166,0.21644656457583747,2.1595495194957057,-0.9188890397682284,1.4598557173548803,-0.9354851506185925,0.24249486576852589,-0.11409352874950007,1.270802501755052,0.0,-0.08263496336711869,2.9370286729173403,-0.26782449067609027,1.1250573186255615
40,0.4437780005898277,-0.4449695297159004,1.1448172118032327,-0.03244913383470043,-1.059712564328857,0.08299117911971024,-1.1041857438528637,2.661432043231929,2.3043318954783607,1.8583608187262668,-0.23108781230262251,-0.6386674928050146,1.5048617533551734,0.0609047539530997,-0.08624930929093577,-1.0387965010123799,-0.3693332078722806,-0.9649816675719995,1.6600055346453197,-0.9771961837996673,-0.20974364410698335,-0.2022088315857323,-0.6919732245051922,-0.11409352874950007,-0.8415034076181511,0.0,-0.08263496336711869,2.21428116968564,-0.26782449067609027,-1.6829969722631417
41,-1.2815221853767473,-0.4449695297159004,0.9781499330664466,1.8631803793299047,0.346640681671997,0.47216668141117196,-0.04289343996059803,-0.02963594810731155,0.9486359576547675,0.055304883853485434,2.962843842259727,0.729805543710211,0.5724833338701845,0.26887576527516077,-0.6569556061552494,-0.5791241867886286,0.257409805037359,0.059575531314524845,-0.04485949145138159,-0.7486823157996002,1.4994126144412514,-0.522080260941002,1.6952316338595743,-0.11409352874950007,1.6637770078781848,0.0,-0.08263496336711869,0.9896553089821702,-0.26782449067609027,0.812462595677574
42,1.2345405858245078,-0.4449695297159004,1.4027451898688297,0.7113257783364283,1.7031502220377452,-0.05428088018755314,1.3674566993449628,1.6192707524201302,0.5344900528295562,-1.2293573109624005,0.37947729192940055,-0.5572840949191017,-0.27518584108317423,-0.9978722891485943,-1.2315259040393465,-0.7330038646540197,-0.38405504442115407,0.8150481358958949,0.5815813952108965,-0.5357300696917168,-0.4792516451984921,-0.18971259245864347,2.108070260924739,-0.11409352874950007,-0.6346985053589126,0.0,-0.08263496336711869,1.4640656464057766,-0.26782449067609027,-0.6286520592690813
43,0.012452954098183935,-0.4449695297159004,-0.16689643636208656,-0.9485515299830566,0.5822546386129316,-0.15169247822295703,0.42077728155921723,-0.634043524636675,1.4740020848967177,0.8570398360594537,-0.13394141291457815,0.2015508470584379,0.9417260709370417,0.0033326312888558303,-0.918891866949795,1.4724463291444267,0.48016620237229724,0.019018747026224313,-0.6563299625781016,0.3871981395473466,-0.5122460855819525,1.3730727158194473,-0.29029462410545914,-0.11409352874950007,0.3244397727212296,0.0,-0.08263496336711869,0.05815246845704179,-0.26782449067609027,1.3581788069257559
44,0.5156655083384349,-0.4449695297159004,-1.0852832896045963,-0.688883321402692,-1.2234175351107492,1.9996705029543986,-0.34092131955316146,-0.5840358352098111,0.17886635376125354,-0.9193366443047327,-0.057736321923259754,0.4331604684794087,-0.34094307669650575,-0.7534769896304384,2.8076589124150466,1.221319584036392,1.467905475321482,0.3625001280484308,-0.406397962263721,-0.7523011389049336,-0.7650287195122593,0.8701725246595073,2.156626435586428,-0.11409352874950007,-0.842079754673538,0.0,-0.08263496336711869,-0.9080637388000171,-0.26782449067609027,0.6959018515274767
45,0.15622796959539853,0.15942758551318356,-0.8722729223754553,-1.150493419703825,-0.2088396920583114,-0.7114427376918262,0.08253892239777888,0.16639913434980563,0.02833963987527692,-0.7136919773414658,-0.23633883378290685,-0.14487380036609104,-0.26938353865483433,-0.34120242443239235,1.3798329084321383,-1.0032338201977045,-0.1825683518499288,0.17847949209515832,0.4416264302164782,1.9623635865738391,2.0719370640140493,0.954395425086456,0.7476581866671286,-0.11409352874950007,-0.20697467864749786,0.0,-0.08263496336711869,0.03598188657221894,-0.26782449067609027,1.3581788069257559
46,0.7313280315842569,0.46162614312772554,-1.0451827815622754,0.5400658950665346,0.20968015318646602,0.10057450278757474,0.47412082579408993,-0.47091333112418754,-1.1427438100932155,0.03858756078402997,-0.5584148285885291,-0.12061417719930474,0.01363038152682228,-0.6354378239877567,-0.964732400136079,0.43073155249979383,-0.5252283439516955,-0.13168793003690993,-0.5419623882020055,-0.2923447634894157,0.10107849673694717,-0.11118902784742536,-1.057215147322575,-0.11409352874950007,-0.842079754673538,0.0,-0.08263496336711869,-0.6800447320681046,-0.26782449067609027,1.691966392446488
47,0.30000298509261314,0.15942758551318356,1.1793017746186967,-0.6298428937202566,-0.48157356972518633,0.10672523433269698,0.9864231430848514,-1.8110822938271398,-0.534518105372762,0.3804798038736147,2.62754408037359,0.3912595825528228,-1.6303005088064657,1.4895849423063203,-0.7748148696039486,2.2865369471612333,2.7891828703118904,-0.9564554451718301,0.5613194284528724,1.3583204452533255,6.573109043091465,-0.4819937972752336,0.35727892455106747,-0.11409352874950007,0.10193697397741282,0.0,-0.08263496336711869,-0.5709034722318279,-0.26782449067609027,-0.7452128034191786
48,-0.13132206139903066,-0.14277097210135842,0.4229400686890502,0.7605372324589084,-0.6275087449497827,-1.2142432317380842,0.09810771202183548,3.22008602376402,-1.1087214268122403,1.0485924962302975,-0.5584148285885291,-0.9202051541257511,-0.24746452458493523,-0.4926498795129953,0.7469226560444547,-0.16910209869784162,-1.0689769556550675,-0.5199243171849625,0.09071332199722322,-0.4945098862691343,-0.031546132093736676,-0.24823137948017585,0.11623324802417583,-0.11409352874950007,0.7046387297980428,0.0,-0.08263496336711869,1.438010924018569,-0.26782449067609027,-0.6286520592690813
49,-1.20963467762814,-0.4449695297159004,-1.1541692139994517,0.7686031944038036,0.22821431072331624,-0.9721044050566356,1.1607000811913317,-1.9911307957772912,-0.24308358449762432,0.8047982014674053,-0.5479364409270139,-1.0631729564766759,-1.4368968746496082,-0.45841793640783945,-0.16917441627752103,0.04514775541008464,0.08571630684946648,-0.34915177063322206,-0.5761756879916695,0.6950083255897859,-0.11205706343921301,0.8872749334959806,-0.8729051399415443,-0.11409352874950007,-0.2193328729295719,0.0,-0.08263496336711869,-2.4389799356472777,-0.26782449067609027,0.8601465364662501
50,0.15622796959539853,4.088008834502229,1.9560668560946948,-0.8026794856231485,1.1063470585559532,-1.2177526558802612,-1.3030763482229575,0.9754055864425469,1.3187373532460729,1.6650040807741777,0.18752409321162436,0.6981654259121041,1.0294709789103982,-0.029203844083462483,-0.5831856840156376,-0.2388327123652,-0.14415583546540123,-0.5370833564206838,5.814869422429972,-1.2319201050444126,-0.003636453417240369,-0.027699306213989194,0.9665395688442556,-0.11409352874950007,-0.842079754673538,0.0,-0.08263496336711869,1.6252857955886972,3.733788487660788,-1.370402249315154
51,0.15622796959539853,-0.14277097210135842,1.961743336440156,-0.8760982586426973,-0.4392166725075608,-1.3956866697013972,0.04849785624616176,-0.506472017434232,2.376848904167511,-0.4542871856073417,-0.5584148285885291,-0.9696943894721123,-1.20723005908834,-0.3236381670233915,-1.2058105770629146,0.7841261730051953,-0.7841692183488634,-0.24906892282201387,-0.7213441358432647,-0.8138312332765052,-0.26617560162306375,-0.3528259943716676,-0.4486796598933197,-0.11409352874950007,-0.388433271797795,0.0,-0.08263496336711869,-0.31453535786665815,-0.26782449067609027,1.029689437048209
52,0.7313280315842569,-0.4449695297159004,-0.7925921213283161,0.150739272982869,0.4306907077541617,-0.7574872422574173,2.370077923674628,-0.17676037911287218,-1.179425500591396,0.9313413715519042,-0.5584148285885291,-0.297465609350705,-0.9600269492108013,0.1924745280897832,0.8216568908917739,0.48283435089638094,-0.48492587065201853,0.21120238484109977,-0.18352729620818242,-0.8081249321279144,0.005716069386642303,-0.060637218729994266,0.2189099611372516,-0.11409352874950007,-0.2845698294327202,0.0,-0.08263496336711869,-0.8576631063237178,-0.26782449067609027,-1.6194183845449068
53,-0.9220846466337108,0.15942758551318356,-0.04525457072776376,-0.24479444287024088,-0.561549242307072,-0.7346028251910376,1.3016570958758675,-0.7056389385591669,-0.6681381156332732,-1.05895136791929,-0.5584148285885291,0.3170257295332809,0.12000238031309386,0.3610816193296688,0.2970698135862716,-0.10217411211368978,1.7443376658358558,0.04611105520916597,-0.618911988652976,-1.2138464656952563,-0.3418446470867845,-0.47400527572885853,-1.1277513813217126,-0.11409352874950007,-0.842079754673538,0.0,-0.08263496336711869,-0.35170025204460537,-0.26782449067609027,-0.2948644737483487
54,-2.1441722783600348,-0.4449695297159004,-0.5283289634303455,-1.1764841422772816,1.7092360741133776,-0.3304600399875981,-0.5968870548412365,0.3468293365463755,-1.453610387788055,-0.03280933982510273,-0.5584148285885291,-1.2803746118471426,-1.476544619651764,-0.03276327935723935,-0.8678382592656452,-1.1335588246513078,-0.49651167512796696,0.7224402228658947,-0.7213441358432647,-0.4509551455946691,-0.6588210449174957,1.7792546940336196,-1.6391812702108524,-0.11409352874950007,-0.842079754673538,0.0,-0.08263496336711869,-0.69094559917861,-0.26782449067609027,-0.9571414291466278
55,1.3064280935731152,0.15942758551318356,-1.0551998234029052,0.6816886222659639,-0.4649287524564549,-1.2713453512713164,-0.2107132548561169,-1.5182330712289158,-0.3460308374726474,-1.232625547622479,-0.5584148285885291,0.8039899074944066,0.5501477283723114,1.198215394384805,-0.5356113165808959,-1.269439075439955,0.09681811966886558,-1.2807812731835984,-0.5675984908994957,0.5766639370351316,-0.6915040752082382,-0.41954341136476175,0.4908761888717461,-0.11409352874950007,-0.447487674805751,0.0,-0.08263496336711869,-1.5259804800417642,-0.26782449067609027,0.36741248164993007
56,-0.3469845846448525,-0.4449695297159004,1.1251385991837313,0.13545452132796493,0.7307869243796044,-1.2713589273801835,-0.0513820465282377,-0.29107540011743005,1.5913564710599233,1.7107378008063125,-0.19044709870948032,-0.2019513851322277,1.1250446725907899,0.45018303686122463,0.6189901820510447,-0.46345727652149477,2.2882316783940313,-0.09172834107284067,-0.6024834367078864,0.21888723660047885,-0.6709239560885291,-0.633065229765459,2.027149112920247,-0.11409352874950007,-0.3000698496419108,0.0,-0.08263496336711869,0.7711698139679926,-0.26782449067609027,-1.2909290146673604
57,-1.1377471698795327,-0.14277097210135842,-0.07003388902581967,-0.14505825813147527,0.09818651547602235,1.2078166753511932,0.2591208082833618,-0.6423775647995805,-0.8845857172452399,0.27050001817530667,-0.5584148285885291,0.48067013441191553,-0.43119797703394974,-1.131204536789758,-1.1302721054173677,-0.9103670888187482,0.6205494566987655,-0.6584283297715798,-0.5506434613835309,0.9042669422904981,-0.5842599701118424,-0.17307163454055152,-0.5893831669009073,-0.11409352874950007,0.5529142873567687,0.0,-0.08263496336711869,-0.9729765625698189,-0.26782449067609027,-0.2948644737483487
58,0.012452954098183935,-0.14277097210135842,1.7465871512853324,0.10572095381108722,0.43457147773287386,-0.3471964910125137,-0.8683344728109561,0.6660053152710841,-1.250807680263961,-0.6748513668549697,-0.4962441535799059,0.5644719062650873,-0.5982911742037424,-0.7474022513001941,-0.7981242363746505,-0.019052013993116634,0.8262878532865056,3.2515317750851587,-0.13517104103571448,0.36058047386236186,-0.676855777294797,1.7538656274399496,1.8219451858579867,-0.11409352874950007,0.6452170891610921,0.0,-0.08263496336711869,1.8967177358451712,-0.26782449067609027,-0.12002335752320317
59,-0.13132206139903066,-0.4449695297159004,0.909137410113049,0.6985320487581342,-0.6186723365400268,0.930453000052483,1.7555916899530717,-0.596064026825913,-0.3120051586513097,-0.5669368671108673,3.1673125138152045,1.755512836934182,0.7317837184088949,0.6115378618721425,1.4437485190116888,-1.1637986806491623,-0.7150532270546885,-0.8195109091748608,-0.0034584179137589705,-0.23598858965116518,3.9324849183126056,5.932925679183764,0.20357181333974897,-0.11409352874950007,-0.842079754673538,0.0,-0.08263496336711869,0.8471658552761785,-0.26782449067609027,-1.370402249315154
60,0.012452954098183935,1.0660232583568094,-0.31265449815048585,-0.21825008276781227,0.15617705834167747,-1.2052007890042435,0.345183167978334,-0.28108825950843264,0.22014881246077078,0.004090668075080734,0.17602215895644732,0.24279187651373896,1.398201389750374,1.562976093007493,0.5653107508638078,2.3401800305345195,1.4473879403643495,-0.8454178872363475,1.711570012515308,-1.2319201050444126,0.5755676825265763,-0.4138579746730789,-0.03699922175301465,-0.11409352874950007,-0.5180482807965135,0.0,-0.08263496336711869,0.2803530669821117,-0.26782449067609027,-0.4326180804711909
61,1.5939781245675444,0.7638247007422675,0.20460841576013922,-0.5823275874471228,-1.6484052887696024,-0.0934135111784754,-0.3274837308847372,-1.2339138038269084,1.0898459850806994,2.169103813051561,-0.5584148285885291,-1.0191836248184736,-0.9661526225154515,0.3179342134247857,-1.2925987207565754,0.1925311205295471,-0.9867779377961438,-0.21816080033846194,0.7303403426726879,-0.8033517986423963,-0.7413363029987273,-0.6232614826184635,-1.1127394804680715,-0.11409352874950007,0.8602757651430526,0.0,-0.08263496336711869,-1.3141243124621769,-0.26782449067609027,0.6959018515274767
62,0.9469905548300788,-0.4449695297159004,-0.9493095273286773,-0.26127691600476016,-1.840213526038841,-0.04491110238435833,0.11178373551117808,-0.18188455943957843,0.023782489119914277,0.9963508616382492,-0.5584148285885291,-0.7356630948015263,-1.104739864643231,-0.3846828884375001,-1.2342578019402812,-0.32813772623161186,-1.0568675047439868,0.04518315064916004,-0.19805994822433023,-0.42514915558619554,-0.46435205497085,1.4435750959427784,-0.7794598160864903,-0.11409352874950007,-0.34090753807465457,0.0,-0.08263496336711869,-1.1570938580593553,-0.26782449067609027,1.3581788069257559
63,0.9469905548300788,-0.4449695297159004,-0.48103776782925795,0.6874677601905376,0.8736245139564637,-0.8302088007471009,-0.3966723315342114,1.1760070625308703,0.4266256597783985,-1.2949672315689902,-0.5584148285885291,-1.0191836248184736,-1.144385482205411,-1.132640110812731,-0.6248121706692406,-0.7387939398864776,-1.3661135161410505,1.2992624191485698,-0.7213441358432647,-1.0712864035854341,-0.7650287195122593,-0.8111741649614032,-0.26222854954437347,-0.11409352874950007,-0.842079754673538,0.0,-0.08263496336711869,0.15190415971666538,-0.26782449067609027,1.691966392446488
64,-0.6345346156392817,-0.4449695297159004,-0.6672717106785376,-0.497316967974064,-0.7701178486315794,0.5435168014958426,-1.0551300563730168,-0.7764205184158904,1.7485742950136258,0.4391067593230671,-0.12390019337595597,0.745932435868412,1.5781110589484733,-1.1280019318844543,-0.23712374691341123,2.9968237818570485,-0.30038168223030487,0.18714348780305975,0.695824447318391,-1.0244281729392954,-0.6131309320668248,0.6914325692318007,0.7095918700051512,-0.11409352874950007,0.598068962129412,0.0,-0.08263496336711869,0.19813037512675147,-0.26782449067609027,-0.4326180804711909
65,0.6594405238356496,0.7638247007422675,2.4818842944371147,0.953207254186334,-1.5001575819982529,1.1724950341058966,-0.7378615843265253,-0.7555871422333423,-0.028215709851177787,-0.4849892459795246,0.9712573592553454,1.290314024678386,-0.576266948556862,2.7605821973001756,-0.27524881412532876,-0.9260874937862486,0.6812149129980212,-0.535703224968567,0.1504772363984203,1.5177665284167023,0.17180586080657426,0.7862811183410947,1.6775600471419247,11.478993950402776,-0.842079754673538,0.0,-0.08263496336711869,0.19406944964940356,-0.26782449067609027,-1.0578075263671662
66,-0.13132206139903066,-0.4449695297159004,-0.8305161292615525,0.689614198047161,0.5243530967996903,-0.10038861422314622,1.4058795015836423,-0.1263106415745434,0.47933569546778615,-0.9300594139435325,-0.5584148285885291,-1.4315939193714842,-0.6089378508604433,-0.5664612943554276,-0.16917441627752103,-0.346109796726644,-0.3830809603728888,-0.8745581410090782,-0.005737885141579797,1.1867106936016867,0.7925952676839242,0.8712955738825559,-1.3607676762358931,-0.11409352874950007,-0.817194004755783,0.0,-0.08263496336711869,-0.9507776077877798,-0.26782449067609027,0.36741248164993007
67,-1.2815221853767473,-0.4449695297159004,2.264862577248228,-0.5485609695970446,1.2920536130301525,0.4225585739726467,-0.9049130832956765,1.4249823095999268,-0.558102155338557,-1.2092749300700893,-0.5364281379374763,-0.7882338598687877,1.3761589841618826,-0.1556282154543229,0.505844479117619,-1.7105385686342838,-0.185522124459752,-0.39801359386827295,-0.23758641320536258,-0.49477771467097,0.8198809238194145,-0.7455311502571909,0.8927078479392727,-0.11409352874950007,0.6268707613050583,0.0,-0.08263496336711869,2.376877186130496,-0.26782449067609027,0.0336248961291977
68,-0.13132206139903066,-0.4449695297159004,-1.1115911887514252,0.8398914825398766,-1.740142936568181,0.5342519871269453,-0.46238272628480465,-0.6237326608373217,1.8719977095373104,-0.48055079670458417,-0.5584148285885291,-0.3263343299694157,0.8097768283407941,0.38597660377009413,-0.3412550546551887,-1.0675694970988499,-0.36168949510314263,-1.0049804299910718,-0.3721333696224828,-0.8772639740623408,-0.2834708853246065,-1.2974686093175052,0.6081709253204602,-0.11409352874950007,-0.27341617457374856,0.0,-0.08263496336711869,-0.7618370288979989,-0.26782449067609027,1.029689437048209
69,0.08434046184679123,-0.4449695297159004,-0.6932545445309439,-0.3433276347121773,-1.4364611243227319,1.8432555016207925,-0.5857333961910112,-0.2622043348949722,0.4401228361159059,-0.9648697564600341,-0.3334784095269935,-0.40881638888001787,0.9060334302533938,0.30288833838161094,-0.5319758576728393,1.1174296821961716,-0.1297001434881702,-0.5365935549901005,0.5649679954422092,-0.8380316179524654,1.393219368113332,0.7299880443837228,-0.4223344213566651,-0.11409352874950007,0.40508774831407096,0.0,-0.08263496336711869,0.13684022469883333,-0.26782449067609027,-0.4326180804711909
70,-0.5626471078906744,-0.4449695297159004,-1.2992694055491387,-0.4300929425099584,0.5674105345139068,-0.12258743779173122,0.7551985818098721,1.4859302048473422,-0.8070461111883557,0.5784177849018626,-0.5188681725766121,-0.7549474001748251,-1.0490314950534214,0.2738628915399525,1.1085399214347083,0.966200966524977,0.19021046137468717,0.22511642297768497,-0.2397920058230545,0.23952776956233554,-0.6376144985456399,-0.9025138802048731,-0.5210840197335301,-0.11409352874950007,-0.5102256872546581,0.0,-0.08263496336711869,-0.37713895518263585,-0.26782449067609027,-0.6286520592690813
71,0.30000298509261314,0.15942758551318356,-0.780764554250894,1.370647176601111,0.9385218625829019,-1.4432599949710916,-0.5573304611671424,1.4174461544241703,1.9279714933174452,0.5985760903031143,-0.5119885747384124,0.3879603001963987,-0.3890216729188272,-0.19186343405580053,0.9738582228000546,-1.0267324673301468,1.2120391172509757,1.0215535355626941,-0.5365311526730512,-0.17391027975371576,-0.30127476543240267,0.3836960017783815,0.5151485687221957,-0.11409352874950007,0.20361081598514075,0.0,-0.08263496336711869,0.5524877820773281,-0.26782449067609027,-0.6286520592690813
72,-1.5690722163711768,-0.4449695297159004,-0.2396344950622764,0.18045411309648657,2.9847865675240013,0.2249124271904387,0.46966903050401554,1.2639722659033723,0.15105024840408873,0.6135241633477191,0.8768436018175798,1.8841848488347213,0.29897616932550813,-1.2362465534917195,-0.40543102966582006,-0.621397655949853,1.3140174811118746,1.7026647960767767,0.09500159794675934,0.4464286226766533,0.10951241988509076,0.946606124318097,0.5027254091375473,-0.11409352874950007,-0.44997711388606537,0.0,-0.08263496336711869,1.4300942309360527,-0.26782449067609027,0.1872731497815986
73,0.012452954098183935,-0.4449695297159004,-0.7498300029798768,0.7973397704597137,0.03875649900634036,-1.1423587409238343,-0.13510653061869138,0.15909962901626673,0.5287988484788698,1.1356618872170448,-0.3849919174024085,0.08607596458359493,-1.048406994718729,2.4653133815240698,-0.8409782931051648,-0.2894273971251811,-0.7886075031825565,1.1240611402927692,-0.2475888418588883,0.9667908138105733,-0.11383174026103351,-0.2626646931953693,-0.6240084252215918,-0.11409352874950007,0.11467623130510249,0.0,-0.08263496336711869,-0.36847878306652443,-0.26782449067609027,-0.2948644737483487
74,-0.13132206139903066,-0.4449695297159004,0.45497365024121045,0.0037947726629302316,0.6649018385832398,0.24137144791655837,-0.6677439986451088,-0.40628270741231665,-0.9588811545982365,-0.20995375717545964,0.07752467806476918,0.3170257295332809,1.2647101399789937,-1.1215448665042478,-1.0317376686311237,0.4942990565864729,-0.8306499569912041,0.11930545669510183,0.4857911884046444,0.26966624571630393,-0.5437952945698652,-0.4570645600354727,0.6307243102691867,-0.11409352874950007,-0.2696902247943958,0.0,-0.08263496336711869,0.636563333247441,-0.26782449067609027,1.3581788069257559
75,-1.7128472318683912,0.46162614312772554,-0.4210499530370878,0.7293504184490437,0.2173867219056348,-1.1737019537474758,-0.12547152195909478,-1.3080147317892725,0.7673098989623205,-1.2014470435428168,-0.5584148285885291,-0.1160050797473803,0.6134976689512925,-0.4353106758086349,0.29691070198949987,-0.9564667589245063,0.6976449553935393,-0.1198650082364438,-0.7213441358432647,-0.9420860917461803,-0.7604597683449706,-0.8002957838734585,-0.7772767355208318,-0.11409352874950007,-0.38439797832154793,0.0,-0.08263496336711869,-0.6705607637939703,-0.26782449067609027,0.36741248164993007
76,-1.2815221853767473,-0.4449695297159004,-0.5890249561853649,-0.1565320525836936,-0.8749759218838346,-0.3757593670220328,2.2744676622624715,-1.1317560757640337,1.3691668750046249,1.8322170151110222,-0.5584148285885291,-0.375823565315777,-1.5388205898502723,-1.059703219828137,0.21655066680541615,0.525081557739162,0.17734324831645656,1.0267713331746746,-0.637089659096402,0.8948249673169147,1.3048336089599197,1.6445506383698154,-0.4427946952693985,-0.11409352874950007,0.6052685478347848,0.0,-0.08263496336711869,-1.0176171695316245,-0.26782449067609027,1.029689437048209
77,-2.1441722783600348,-0.4449695297159004,0.07985714579166692,-1.2011711601408213,-0.6076865651796098,1.3695367926340898,0.24406858851618216,0.4885284944842663,0.06733441199728717,-1.1824331782166948,-0.5316734228277187,-1.5305723900642068,-0.8315765717600855,-0.5945950963792138,-1.2925987207565754,-1.3838193509560213,-0.8846546814750385,-0.1423964070154505,-0.3070695164884994,-1.0308754386980616,-0.7650287195122593,-1.0158788423704193,-0.25856103310999384,-0.11409352874950007,-0.3218250067835538,0.0,-0.08263496336711869,-0.38860673460482864,-0.26782449067609027,-0.6286520592690813
78,0.30000298509261314,-0.4449695297159004,-0.48024445371786945,-0.522150337026044,0.3727456626253848,-0.2734523246928778,1.6754009920625554,-0.9256122948554686,-0.04847552886780829,-0.059348090197863274,-0.017271203434630227,0.02609831062616148,0.5371285693354084,0.5557434860867976,0.03975936085059814,0.35641674172183213,-0.2606597955606483,-0.7872525016810993,-0.4193647306223763,1.7029986714424425,-0.5083829171344529,0.6053643284354618,0.9236104788858508,-0.11409352874950007,0.6758360665338577,0.0,-0.08263496336711869,-0.7709413459820732,-0.26782449067609027,-0.2948644737483487
79,1.0907655703272934,-0.4449695297159004,0.8621784666241179,-0.7691632600907338,0.10186958843914858,-0.5652149719018182,-0.0801170621743845,-0.16548438052895553,-0.08450276382106359,-1.2744188552961178,-0.5584148285885291,-3.2132063918404903,-0.14260552242867275,-0.6116075415511562,2.820194977615242,0.25929332622852563,0.7940299618958712,0.5942441586668675,-0.7213441358432647,0.850860703092242,-0.5231147787600328,1.0530880086031893,-1.519523636878663,-0.11409352874950007,0.6024732214117313,0.0,-0.08263496336711869,0.3234205059198007,-0.26782449067609027,1.029689437048209
80,1.5939781245675444,-0.4449695297159004,-0.3402720566212724,0.3485619663154403,0.30684798704429495,-0.2815656839022958,0.5834715651623607,-1.5223093539847095,-0.8420757666883568,0.6654871758886098,-0.5488771939739885,-0.422564498459237,-0.20757425142554675,-0.4045468972478674,-0.2656056870482553,-1.1000058677555051,0.5589287269513414,-1.389272023571701,-0.7213441358432647,0.43832578971224834,-0.7638263639419202,0.391907604265721,-0.3490346621727866,-0.11409352874950007,0.27708080808607966,0.0,-0.08263496336711869,-1.7308915080154383,-0.26782449067609027,0.6959018515274767
81,-0.5626471078906744,-0.4449695297159004,-0.07028349273403701,-0.5038904252398789,1.024656432922093,0.1564880842713663,-1.2227992439820594,0.4172330956622907,0.07336932182224865,1.8322170151110222,0.24111972231334639,3.6432764199387764,-0.03383319113888041,-0.3896783904237472,2.514564743721769,1.391050103050885,1.191351270103776,-1.051405770919364,0.15364513452709289,3.5281086268670587,-0.2699588134251357,0.31259387445239517,0.47766404683595326,-0.11409352874950007,2.0569079140268425,0.0,-0.08263496336711869,-0.3162339122711652,-0.26782449067609027,0.1872731497815986
82,1.0907655703272934,-0.4449695297159004,0.3542719601547433,0.8237323692349824,-0.13793863658528926,0.601357561915221,-1.0228395361739988,-0.49194413103667306,-0.4968440695148442,-0.36820063390605295,-0.1283464797788234,0.4489970237902443,0.15868310714446535,-1.0144547395617036,0.9397851975859234,-0.0960854124352664,0.11237651952745746,0.20912539226766894,0.16467019424659537,-0.017000239428923775,1.5857207031691176,0.7276441887651575,1.0852130607182504,-0.11409352874950007,-0.5180465526194359,0.0,-0.08263496336711869,0.35270144497355804,-0.26782449067609027,-1.9532059700656395
83,0.30000298509261314,-0.4449695297159004,1.0174828336915809,1.3992924739063162,1.1489395467946744,2.4518965974430356,0.9299780779326269,-0.22920806204041513,-1.0514650962651546,-1.0735246943050878,-0.47205615538808426,0.9759122118053092,-1.1180015518373665,-0.45145882042980917,-0.9908604529514095,-0.8201921356539023,1.9716619886267772,-0.0366688508785543,-0.44045641570900995,0.31922487465251076,0.07516472830721377,-0.3071669085710696,-0.3568741626635438,-0.11409352874950007,-0.08231953786155419,0.0,-0.08263496336711869,-0.3476507848526717,-0.26782449067609027,-0.9571414291466278
84,-2.1441722783600348,-0.4449695297159004,1.4243811046565338,2.166718015572418,-0.5350183277457037,-0.8142461879276169,-0.42053566373356377,-1.1765555289093055,0.4593784845985574,-0.414924855330053,-0.43760767123179817,-0.3180861240783555,0.6322640103808007,-0.8606724289530463,-1.1147688500155568,-1.4554354896612811,-0.008752052021362144,0.16551068011432876,-0.7202150479155301,-0.20352620385761944,-0.7650287195122593,-1.0869946371683856,0.10736075495270447,-0.11409352874950007,-0.3222769250893519,0.0,-0.08263496336711869,0.2511803814438873,-0.26782449067609027,0.6959018515274767
85,-2.0003972628628204,0.7638247007422675,-1.2410677913798926,-0.23463683806344637,-1.2288352560366083,0.43095577442115907,0.7324473226930007,-0.7780083138508787,-0.4218647106089755,-0.31294082594484,-0.5464052152228956,-0.4814006007213477,-1.12547292762848,0.15059395005502246,0.21655066680541615,-1.317317251635958,-0.41900513940134415,0.41580240897543425,-0.5588658022698453,-0.025979998822173,-0.7650287195122593,0.5845075345416564,-1.519680132308845,-0.11409352874950007,-0.3500426821069638,0.0,-0.08263496336711869,-1.488616102571081,-0.26782449067609027,-1.6194183845449068
86,-0.9220846466337108,-0.4449695297159004,-0.5307379294515129,0.7662625464392974,-0.19276552859623347,0.05886982768987244,-0.036966431385762555,-0.13659779728405716,0.03210411624580555,-1.0333738636230232,-0.5584148285885291,0.23454367062267875,-0.9137297938626987,-0.34987782427452424,1.3447965348230073,-0.19845571087456193,-0.10578958298922027,-1.388302014209719,-0.47142536198746615,-0.04336154337147864,-0.7234837274903324,-0.41237470648512936,0.4620367200317773,-0.11409352874950007,1.123721671121348,0.0,-0.08263496336711869,-1.4951926127662378,-0.26782449067609027,-0.2948644737483487
87,1.6658656323161514,-0.4449695297159004,2.2628074237924185,-1.716238977851789,-0.4878961346839195,-0.14308723647652563,0.41438321163096686,-1.9436118091993222,0.3293573982691892,0.8640053873383934,-0.5584148285885291,0.8473358790931063,-0.24720652413696997,-0.5028252725298816,-0.2251045533245469,-1.6621622837984729,-0.8786774861955735,0.8347337297362734,-0.5209148988428289,2.3270866254671105,-0.7189436328567319,-0.9294765592928023,-0.9880266151457093,-0.11409352874950007,2.9900129326096887,0.0,-0.08263496336711869,-0.020014863373885996,-0.26782449067609027,-0.2948644737483487
88,-0.8501971388851035,-0.4449695297159004,-1.1048756604112917,-1.2832683505526246,0.6514775131774836,2.823497198282319,-0.5711587466576983,0.5693043273769391,-0.20703890256597943,0.4954281172991904,0.439949334502142,0.9933786126002183,1.5921908435150924,-1.239216608954263,-0.8466040934419294,2.2129687522113493,-0.43306377519814976,-0.932962564585672,1.57287446445514,-1.2319201050444126,0.4122781772299642,0.6520994380894138,-0.2612975551616837,-0.11409352874950007,0.06305298973092056,0.0,-0.08263496336711869,0.4421304162157494,-0.26782449067609027,1.7502467645215367
89,-0.05943455365042336,-0.4449695297159004,0.5722456542772961,0.41668435225001005,-0.6425787172658578,0.5708740436151253,-0.09345399912114785,2.1737208575674716,2.4767070726909983,1.712744576129775,-0.27410269908346324,-1.199545493397109,-1.0242216768637797,-0.10371290725417608,-0.8524536143268822,0.31628179126617967,0.1912770732396457,-1.060225394502924,-0.6544295462974489,-1.0639725859944291,-0.3110000184630905,-0.41808400333976065,-0.4892602137253718,-0.11409352874950007,-0.10040404689032832,0.0,-0.08263496336711869,0.25689773848602887,-0.26782449067609027,-2.281695339943186
90,0.3718904928412204,-0.4449695297159004,-0.8878301714406701,0.2567082149696206,0.37094968620636687,-0.5389909577588136,-0.620816476222097,-0.6844236466021111,-0.45221392337299426,-1.2586767094057139,-0.3393003425517426,0.1355651999299562,0.3037358327621084,1.387991259396478,-0.12558748188914912,0.5489387949446819,0.7416294765635509,0.07709805757490104,-0.47771438174494807,-0.6583583475972413,-0.2722607231645499,-0.38879113610524646,-0.6486112252273745,-0.11409352874950007,-0.7545691879054601,0.0,-0.08263496336711869,-0.5446092171161979,-0.26782449067609027,-0.9571414291466278
91,-0.27509707689624524,-0.4449695297159004,0.22777346422874956,-0.9947789457979153,-0.02258604287956817,-1.2663668161631094,-0.5172892913388804,0.35842539434312737,-0.29033639920206156,-0.7102092017019959,-0.5584148285885291,0.5809683180472077,-0.014045678521024015,-1.25977481726643,0.19244284911273257,0.27645312509937214,-0.7100114778341005,-1.3004418173316619,-0.7126840314375401,2.481861956032521,-0.7650287195122593,-1.3708298076053662,-0.946622588497116,-0.11409352874950007,0.04153718511452818,0.0,14.64701126199584,-0.40902081589890654,-0.26782449067609027,-0.6286520592690813
92,1.3783156013217224,-0.4449695297159004,1.6574518150932693,-0.7567091207582235,0.1568370871547466,0.5769880693844213,0.7906964123227904,1.2876982445744471,0.5603542290155561,-0.9978293520017213,-0.5570500997969798,0.2554413250682689,0.597071124687814,-1.3043031086600774,-1.1002810158949616,0.3191299397013546,1.8270293180594817,-0.24706601338117395,-0.6478150266202286,1.1626828548482138,0.9821472245256682,-1.1733431769663518,0.986587554011906,-0.11409352874950007,0.2617924895688977,0.0,-0.08263496336711869,1.7192407895695283,-0.26782449067609027,-1.2909290146673604
93,0.2281154773440058,2.5770160464295198,-0.8350479706748676,0.2782595719198845,0.2727064852908708,0.2278749101318631,2.354481110369367,0.07427380779471325,-1.4109534949020683,1.1085700720727363,0.5196185620760095,0.6634503769578098,0.3761413182995819,-0.5172563942527083,0.8566932645009048,0.4446105312391122,0.4031507758265848,0.6394953618894197,-0.6898574221008045,-0.30134035779327295,-0.6875429147817561,-0.5403772994893691,0.04842494417075732,-0.11409352874950007,0.2607313888432379,0.0,-0.08263496336711869,0.056148032395237406,3.733788487660788,0.1872731497815986
94,-0.9220846466337108,-0.4449695297159004,-0.8711893713940466,1.7129282034297082,-1.2710095390500513,-0.5186365994254948,0.07013587462716868,1.0682826749736458,0.31826092615809026,-0.04412836065337986,-0.43310361131008845,-0.6397661538297038,-0.3934842683733626,2.4445966503661225,0.9719286330719322,-1.1710706071997827,1.4913844088073958,0.09720123511589107,0.00886477032608756,0.9160710491016782,0.5757149710839429,-0.3885041191936629,-0.47170940465736844,-0.11409352874950007,-0.8391997475736811,0.0,-0.08263496336711869,0.11815023341675714,-0.26782449067609027,-0.4326180804711909
95,0.15622796959539853,0.46162614312772554,-0.4619097760145949,-1.1443028337935508,-0.17621856262462365,-0.15780625258282963,-0.05931438302396017,-0.7854315323077626,1.9282963948261227,1.3794561819799367,-0.12900473396594733,0.4654934355723647,0.5866677498028825,-1.081822514812733,0.5757957229347097,1.6590731484347188,0.24733367831784256,0.07574910499513365,-0.5089033388710371,0.13315839564714788,0.24680699775097167,-0.5165940450273352,-0.8909093561617765,-0.11409352874950007,0.6268707613050583,0.0,-0.08263496336711869,-0.17429063683658744,-0.26782449067609027,-0.4326180804711909
96,-0.13132206139903066,3.4836117192731457,0.48992397412904004,-0.3359498701567158,1.4562195444448547,-0.6175868231325172,0.008600541314751525,0.35863445658989523,0.047361498847507816,-0.27776479198619414,-0.15237889888840847,-0.28509330051411463,-0.18686478368366463,-0.36686871428095635,0.9298923135175537,1.888970748429119,1.2029396165527106,0.0337508974543713,-0.32030726594981096,-1.2319201050444126,0.19374524289855177,-0.5448498059558288,-0.2845439386977097,1.5098223196022453,-0.842079754673538,0.0,-0.08263496336711869,0.3330431740107115,3.733788487660788,-0.6286520592690813
97,1.3064280935731152,-0.4449695297159004,-0.7790142877166389,-0.816204000093105,-0.42575320658295585,-0.020536958779224387,0.3133938046115302,2.690928139913796,-1.1629369428813345,-0.8136852521711578,-0.38600955017130706,2.8962859016207996,-1.156590992153416,-0.23864553355518428,-1.0521107032068566,0.8270614525911905,-0.20749138018923377,0.9012148136818102,-0.2795349330896611,-0.175028006030082,0.24862014995104303,0.6690362156976528,0.6292584083690598,-0.11409352874950007,0.7298701151313222,0.0,-0.08263496336711869,0.8154137460014085,-0.26782449067609027,-1.2909290146673604
98,1.5939781245675444,-0.4449695297159004,-1.3053160070078924,0.25366272303500487,-0.22553412055794023,-1.3413795944335603,-1.1458938556514637,1.5809317537561631,1.2733052276642478,0.08165068845581935,-0.5584148285885291,1.0923570832929408,-0.5039896896288345,0.6884247677295563,-1.021311519635392,0.5003910390547017,-1.3406853977694118,0.08952430387963295,-0.1266348137054899,0.009625343711364975,0.4629406315417724,0.2498974740462803,-0.4186243136169733,-0.11409352874950007,-0.29568805666160053,0.0,-0.08263496336711869,0.12035982735074098,-0.26782449067609027,-0.9571414291466278
99,-0.8501971388851035,-0.4449695297159004,-1.1163386346967552,-0.12427541832240525,-1.251779453115965,-0.6277816009588193,1.6744397797972275,-1.679936899845414,-0.3907156508134514,1.4839394511640334,-0.5584148285885291,-0.9531979776899919,0.5293253129080817,-0.08962814624800317,0.12011939603468186,-0.3558149270810354,0.7379169250173834,-0.33750419667896037,-0.7213441358432647,1.69268959860522,1.1918602795708582,0.9575521478097402,-0.10681312194303834,-0.11409352874950007,0.34604198619150306,0.0,-0.08263496336711869,-0.9155963065048358,-0.26782449067609027,1.691966392446488
100,0.8032155393328642,1.3682218159713515,-0.635288713266581,2.514406129247487,-0.3976840945611016,-0.7353850856121554,-0.9527803331617593,0.5805781706799612,-0.3181214877087559,1.6638826270182683,0.3635322556385363,-0.49129844779062,1.3584142007279911,-0.2192387405983798,0.14852708409103246,0.6472436864889559,0.3810119704989316,0.2597804003919444,2.2846092339508983,-0.13143941140879964,1.5254225713166119,1.8963603737845176,-1.2382669812179763,-0.11409352874950007,1.0502741453224183,0.0,-0.08263496336711869,1.1918102373708632,-0.26782449067609027,0.499867872729586
101,-0.9220846466337108,-0.4449695297159004,2.052775992513951,0.6459776837929663,-1.0318289334918653,-0.2847907639865316,-1.3030763482229575,0.013176336053218577,0.04252829812295866,-0.13137258697722845,1.0153867745492846,1.15284612601562,-0.754389568175352,3.070215498544588,-0.408321074850819,-0.9111425931971131,0.7626988738559609,-0.09264265484233532,3.66929040886957,-1.2319201050444126,-0.12477257477333413,-0.3367055586491594,2.1916518312423228,10.171218582332394,-0.842079754673538,0.0,-0.08263496336711869,0.42844791391276826,-0.26782449067609027,0.499867872729586
102,-1.3534096931253545,-0.4449695297159004,0.7590202669530134,-0.20983703961582903,0.4440680396070327,0.2530876298689715,-0.4265815394228433,-1.8164286836140704,-1.0410697988300022,-1.322383641402897,-0.5584148285885291,0.6799467887399303,0.493441976241155,0.21886223853487674,-0.45332554891952065,-1.2158705113952515,-1.1855299758289457,-0.5608272669021681,-0.6649984544941465,1.0086362031864724,-0.7646283351073363,-0.573197996059239,-0.22799275004719252,-0.11409352874950007,-0.842079754673538,0.0,-0.08263496336711869,-0.7111728558571713,-0.26782449067609027,-0.6286520592690813
103,-0.4188720923934598,-0.4449695297159004,-1.3282894991422893,-1.1646929530201804,-0.7168247912844342,-0.5266878605073165,0.7639328626494081,-0.9602405464033514,-0.8754479592413464,0.564486682343983,-0.5584148285885291,0.21174233025743192,0.03480363118341256,-0.06344748856418095,-0.54036248529177,0.5480223494573379,-0.6515145786892683,-1.3733574743690722,-0.41866211533477454,-0.4666557324782231,0.4585863008437894,-0.25597226496643566,1.2946325450743115,-0.11409352874950007,-0.22661973157736456,0.0,-0.08263496336711869,-1.4711933976558238,-0.26782449067609027,0.36741248164993007
104,1.522090616818937,-0.4449695297159004,-1.1988582287487584,-0.6393307510978662,-1.2732048983429263,-1.073227183296549,-0.698074495874521,0.19804706347675494,-0.9260693977621839,-0.7293644677190803,-0.5584148285885291,-0.4253128006621383,0.9544910975986627,0.9687916969680949,0.5540601145029862,0.06026270451114036,-1.4373345152649972,-1.3607529488711627,-0.7213441358432647,1.3961656085907983,-0.6444931747635498,-0.13299559521781884,0.2905922326513759,-0.11409352874950007,-0.2575497808241021,0.0,-0.08263496336711869,-0.5097731921670708,-0.26782449067609027,1.3581788069257559
105,0.08434046184679123,-0.4449695297159004,-0.23999660010963492,0.9169318579069252,-1.6437847131241168,1.03281384399826,-0.2600232572428982,-0.9228386638723189,0.5361610856486487,0.27889838335232436,-0.5326369213545525,-0.2795933968259557,0.5201544993836319,2.634177903026333,0.07190376064931471,-0.23330580744880938,-0.43639782696669027,0.8566865872172408,-0.06491370603070253,-1.2319201050444126,-0.39915372299142726,1.5875897115019548,0.9608535682143147,-0.11409352874950007,-0.842079754673538,0.0,-0.08263496336711869,0.008756563921783101,-0.26782449067609027,0.0336248961291977
106,-1.4971847086225694,-0.4449695297159004,-0.8384683430840386,-0.7013176235598971,-1.302376177459239,0.5305009585288164,-0.8692162846462036,0.008909741994439313,-0.247619605023604,-1.2535222014592984,-0.5584148285885291,0.5404036414749736,-0.8131894948571589,-0.020712956458097117,0.9884829893251441,-0.32910724348747666,0.031140146838361717,-1.0266982467420205,0.1713747183614836,-0.40246755725010486,-0.4364826552059601,-0.9512182640843068,-1.587224419165933,-0.11409352874950007,0.1898545264472706,0.0,-0.08263496336711869,-1.2861048760692677,-0.26782449067609027,0.6959018515274767
107,1.018878062578686,-0.14277097210135842,-0.6451368648904655,1.0384204070576135,-1.26637126291515,2.313873326778453,-1.3030763482229575,-0.6101179669547683,0.27197079695012794,-1.0002916743788266,0.3873422239550989,-0.224429395826545,-1.243493240492751,0.9097151469236201,-0.9435165562538097,0.36774936983541967,-0.9045484162613872,1.3030403924246192,0.19628401103006346,-0.2147515173845063,3.8672463074215764,0.22950537419980058,3.0579070616329127,-0.11409352874950007,-0.842079754673538,0.0,-0.08263496336711869,-0.03075182243970337,-0.26782449067609027,0.499867872729586
108,1.4502031090703296,0.15942758551318356,1.3082957547947305,-0.1425805533194059,1.519540302999962,0.8328808771001953,-0.4926046317495479,0.3126493834245515,-0.31606952919482395,0.22407601201142885,-0.342208579606534,0.6139611416114485,-0.9154806769627207,-0.7576367670567653,-0.7914695143787621,-0.4359688360858824,-0.645809882913911,3.9179441959321513,1.7311390418822539,-1.2319201050444126,2.5442085049541876,0.020821377575948298,0.6823646109498402,0.022369987918713828,-0.2746820642831066,0.0,-0.08263496336711869,2.224698933657774,-0.26782449067609027,-0.4326180804711909
109,-1.1377471698795327,-0.4449695297159004,1.0165681729269174,-0.6669991715604202,1.0807090214994033,1.1940672196864899,-1.3030763482229575,-0.21354542025189482,-0.09278096735629632,-0.635291911476487,-0.3712231686244682,1.5790012308654935,0.8836104063128819,0.27340555251401527,-0.16666720323748194,-0.5238496663083799,-0.6669715538257156,0.3221938406832795,-0.10688706584941123,2.238726732211547,-0.7028969954149864,-1.4940559666306379,0.36834885894531993,-0.11409352874950007,-0.16233068020129188,0.0,-0.08263496336711869,0.795032948298296,-0.26782449067609027,0.812462595677574
110,-1.425297200873962,-0.4449695297159004,0.13286379640361842,-0.5607035404279084,-1.4125973743530993,-1.0107731856612612,-0.6484508617889215,-0.3560144445253059,1.5595316316347756,-0.4228802114457302,-0.5584148285885291,-1.114862813154772,-1.2513535509921538,0.667009649209082,-1.3054559020884375,0.2979448933974395,-1.2960638581690889,-0.7827885932133625,1.3737914228611146,-0.7884882778954663,-0.7650287195122593,-0.2504987899164791,-1.5996845239462558,-0.11409352874950007,-0.34954928755130277,0.0,-0.08263496336711869,-1.294388234285041,-0.26782449067609027,1.029689437048209
111,1.4502031090703296,-0.4449695297159004,-0.7672801492697565,0.12919596187993163,-0.4739072633868715,0.7652484738650442,0.040081177126947996,-1.3813785536857128,-0.08953738021835486,0.14307082996812662,-0.006013555633140492,0.9108965536896162,1.5916431244231604,0.5930081793930377,0.39687714314668926,-0.7491804679781455,1.0825807544240755,0.6768084775090264,0.18449955903002174,-0.9953689278479738,-0.006537737408468612,-1.089199269894407,0.802649207934868,-0.11409352874950007,-0.842079754673538,0.0,-0.08263496336711869,0.17060822832082195,-0.26782449067609027,0.36741248164993007
112,-0.8501971388851035,-0.4449695297159004,-0.17382950414670187,-0.9261489778742429,0.08193335269844539,-1.2277897999980494,-0.2978115566329633,-0.5699025807440377,-0.6936919294592536,2.0063557970845167,-0.3262289701862839,-1.5657592363954698,0.5116447394807301,1.2498641575668725,-1.1578061261605355,0.3850882996033148,-1.4709607507140376,0.6684807872447572,-0.2061200230456016,-0.9691610587288967,0.5976465378647132,1.2755963056568815,1.0940014758527221,-0.11409352874950007,-0.5604784844062859,0.0,-0.08263496336711869,0.3126461164549633,-0.26782449067609027,-0.464407374330308
113,0.4437780005898277,-0.4449695297159004,-1.1123355772190102,1.3918564463184897,-1.7475691644373794,-0.5316442715862584,0.6235517346136328,0.3150652377792119,0.8304557478477876,2.1714386658402614,-0.30142138512309885,0.5479754944829669,-0.5498249970985706,-0.12563808257680661,1.7112353637517976,0.9804711443827735,-0.8350056277028496,-0.2168712741564204,-0.34216705342385495,0.32281311999942863,-0.29175932344873906,-0.4333691017070063,-0.4186670276637994,-0.11409352874950007,-0.842079754673538,0.0,-0.08263496336711869,-0.7327146506890696,-0.26782449067609027,0.6959018515274767
114,-1.7847347396169984,-0.4449695297159004,0.17239765150923336,-0.7206183628028091,-0.8459471192421844,0.6154484315769926,-0.1270452851894264,-0.2154448693042297,-0.5265132378322996,-1.221556590085116,-0.5582633436926671,0.4572452296813045,0.518488907286273,-0.16554470014033928,-1.220275267678525,-1.0648964307866302,-1.1768900638465636,-1.3406527026771458,-0.7213441358432647,-0.546419180383532,-0.29428667485759186,-0.64569536378754,0.4960639816968963,-0.11409352874950007,0.4885595652517465,0.0,-0.08263496336711869,-0.35198376276371296,-0.26782449067609027,0.36741248164993007
115,0.2281154773440058,-0.4449695297159004,-0.5591944106846911,0.7755814410230488,1.4701726408090698,-1.1350806895238856,-0.4510167882494523,1.1223052216508098,-0.5875443190816322,-0.608046854204042,-0.5584148285885291,-1.415097507589364,-0.56658052094375,-0.9193708398082866,-1.1698590706941696,-0.5775336751279069,0.5952245424303615,-0.07201743105405876,-0.6010156224018314,0.045585333639382615,-0.2577603149862604,-1.2697722881319287,-1.3910500943128954,-0.11409352874950007,-0.842079754673538,0.0,-0.08263496336711869,-0.04958127742425048,-0.26782449067609027,-0.9571414291466278
116,2.1690781865564026,0.15942758551318356,-0.8853313701978297,-1.8059023166237003,0.7034688366445757,-0.3563328351660193,-0.07312211781496578,0.0980463405331096,0.25571079465697016,-1.093265066629603,-0.5402489236442171,-0.40881638888001787,-0.14397849482755226,0.8881501276235698,0.5769847205033128,-1.0690465336586312,-0.6759393803233018,-1.2322728105018408,-0.7213441358432647,-1.060630600809036,-0.530976380656695,1.2026972532436042,-1.0837491623075588,-0.11409352874950007,0.49092111922831677,0.0,-0.08263496336711869,-0.9832127399997685,-0.26782449067609027,-0.2948644737483487
117,-0.05943455365042336,-0.14277097210135842,0.9950240282733529,1.6809580290775472,0.295537000353699,-0.8645941932994059,-0.6337540757116906,-0.9183192553646132,0.6046747882186484,0.6794175818913615,-0.4762486022357236,-0.1366255944750308,0.4084832410214624,-1.2412609008512412,-1.2582556879842863,-0.930574301465958,-0.5352460052925321,0.2850739274778039,-0.656637719687547,0.3535765290910136,-0.4263906837263189,-1.3769058096827875,0.2939833351965245,-0.11409352874950007,-0.8047839651613803,0.0,-0.08263496336711869,0.19658950855485047,-0.26782449067609027,-0.9571414291466278
118,0.5156655083384349,-0.4449695297159004,0.387515967662921,0.5653237519257444,-0.19942228378118726,0.6725147252673808,-0.36506138560441215,-0.016355753819586656,-0.8697703247627409,-1.137315909472746,-0.5559883407971544,-1.2336369779860392,-1.3635415838647904,-0.07878626751354446,-0.024527510121419585,-1.140220699429756,0.5977769375056828,0.8697092293879386,-0.6440896816518059,-0.533363842618618,-0.1483633922411724,-0.8449045592001906,0.17706431052176072,-0.11409352874950007,-0.6973993620006508,0.0,-0.08263496336711869,-0.29653995693374274,-0.26782449067609027,0.36741248164993007
119,1.5939781245675444,-0.14277097210135842,1.9197090215953005,-1.2930525170662615,1.6682601890241737,-0.5051400616407995,-0.29266687582509787,1.2149092360925737,1.5068950671099397,-0.006549211503499774,-0.22225665229250735,0.7129396123041711,3.2731103722845134,-0.9592830001286647,-0.0631000184297133,-0.11964063297868854,1.1056041663508842,-1.1824519038344345,-0.2929207543677813,1.3689418480515065,-0.5109968381443701,-0.45546801398653497,0.0693116221026686,-0.11409352874950007,-0.12920671015451335,0.0,-0.08263496336711869,2.641778121953887,-0.26782449067609027,-0.9571414291466278
120,-0.9220846466337108,0.15942758551318356,1.2805051598661985,0.3067514432398621,1.4055864219120782,5.033707834620039,0.3532633293924123,0.9617592099308442,-0.9959873882372307,0.379203018324185,-0.21382899709509356,1.6037458485386742,-0.01381456117820657,-0.7017591267463642,-0.5278138840263743,-1.2427677213869093,-0.6473449804002037,1.6058322790864739,-0.38927840850685774,-0.24591625955529461,-0.38632699376704976,0.322325346154343,0.1018512566197059,-0.11409352874950007,-0.842079754673538,0.0,-0.08263496336711869,1.5710661711470828,-0.26782449067609027,1.7502467645215367
121,0.5875530160870424,-0.4449695297159004,1.4364604867707067,-1.3432476453851685,-1.1460681414830758,0.20433343453725214,-1.3030763482229575,-0.25639671499661565,2.050237010042007,-0.9470651108359361,-0.3096156716971577,-0.8674166364229657,1.1740521864679667,2.1476816358069164,0.911241541437786,1.0085407480402706,-0.21042430862057113,-0.7155813346767814,1.1131605079400713,-1.2319201050444126,1.0087763945197532,2.339654403118266,-0.6241710577274671,-0.11409352874950007,-0.842079754673538,0.0,-0.08263496336711869,0.9887198763862541,-0.26782449067609027,1.029689437048209
122,0.7313280315842569,1.6704203735858936,1.0420515229468221,-0.21166358568046806,2.0603844910562126,-0.6950150174389281,2.206035233944176,1.1062802771439217,1.142303039583438,-1.139386767867975,-0.05297114389276697,0.4654934355723647,1.3184657130747215,-1.4465779170233242,-0.6022086808005804,-0.556900028084974,0.12324625021322762,-0.09937542586719167,0.3161957297278874,-1.2319201050444126,-0.2958569512324547,-0.17849785256874612,1.538717178743064,2.8728881558426997,0.4969472726979843,0.0,-0.08263496336711869,1.6486300332795254,-0.26782449067609027,-1.370402249315154
123,-1.425297200873962,2.2748174888149775,-1.2152837006794337,0.3669495018867855,-1.0982591195714313,-0.45915413547087625,-0.2755222211946193,-0.5382835323810748,0.3290119480970752,0.26496797734957267,-0.5584148285885291,1.0758606715108205,-0.303423545284612,1.2111922198837586,1.3737259160542277,-0.8042067001227783,-0.48151225512901374,-0.6322255521519063,0.3416492427776353,-0.1794445810112195,-0.7650287195122593,-1.1103282549674787,-0.8466715961825098,-0.11409352874950007,-0.842079754673538,0.0,-0.08263496336711869,-1.3223931568497589,3.733788487660788,0.0336248961291977
124,0.30000298509261314,-0.4449695297159004,-0.9118172812916043,0.4280700585461529,-1.6899306369386946,-0.40171764140443283,0.588522133107513,0.4692906727479267,0.3928015904851184,0.0908291953760783,-0.5584148285885291,-0.3552525398234728,-1.11630675579125,0.12695470797102854,-0.3499830489726478,1.1836029554040592,-0.9873432725882476,1.5028210156492159,-0.4780224614509442,0.6371412828669699,-0.4192120197936093,-0.6357952493804809,0.15422469236269368,-0.11409352874950007,-0.7923082548380279,0.0,-0.08263496336711869,-0.21401553022913988,-0.26782449067609027,0.0336248961291977
125,0.5875530160870424,-0.4449695297159004,0.14688610705052654,-1.0089406081432335,0.3034734261326033,0.25370270302348374,1.805811060794952,1.3971427618135832,-0.6667543763916627,-1.0263525879338518,-0.409701241992602,-0.7315983789384118,-0.5586689584812954,0.02516025409100637,-0.9554663193277191,1.4276399687956738,-0.021125613925696313,5.048089312245221,-0.6719410548635114,0.7900025003587108,-0.6280798188728508,1.5905499932720324,-0.2324587000292843,-0.11409352874950007,-0.25593998387629735,0.0,-0.08263496336711869,2.4022650363065923,-0.26782449067609027,0.0336248961291977
126,0.15622796959539853,-0.4449695297159004,-0.9623021881271805,-0.0012725852162524965,0.2761336490654738,1.204548855664968,-0.20265761416309286,-0.33281456992058184,-1.320871256080903,-1.2848671822145274,-0.5584148285885291,-0.9861908012542328,-0.5907559752133571,-0.3130256352499603,0.3611975729615176,-0.8478150610452097,-0.4618483147006065,0.497854808041668,-0.5756382421380678,-0.543063544413132,-0.3981876302906598,0.8602629125176824,-0.7631930059950615,-0.11409352874950007,-0.842079754673538,0.0,-0.08263496336711869,-0.7512507735670112,-0.26782449067609027,-1.6194183845449068
127,-0.9220846466337108,-0.4449695297159004,-1.1957184186472736,-1.1190582941988816,-0.1361846676658,-0.4558086302727997,1.18402535871155,-0.4898110495353729,-0.25666101693572385,-0.13210954230254027,-0.5584148285885291,-0.8212266834330285,0.20749373612207053,2.804945560884577,3.013057519156711,0.3074480227524713,-0.9552094294793338,0.5369032810693041,-0.533583910585113,-0.7677934148092821,-0.5918895173834291,-0.32478543821384487,-1.5645995986561352,-0.11409352874950007,0.9200905660651622,0.0,-0.08263496336711869,-0.491656333408764,-0.26782449067609027,0.6959018515274767
128,-1.20963467762814,-0.4449695297159004,-0.5832193895367612,-1.0870176493218602,-0.364617336608675,1.4102339444672476,2.7354280267484197,0.916642930494079,-0.9928744595818958,-1.2012805668672502,-0.04949654438948259,-0.8377230952151489,0.045864578424477394,-0.6722317524792562,-1.1551841599082793,-0.1967523806708608,-0.5203968158970561,0.505434205369551,-0.3751080324172374,-0.9304788292548,1.2159897523342083,-0.10139778991207271,0.0004474957469564636,-0.11409352874950007,-0.842079754673538,0.0,-0.08263496336711869,0.6863544940662284,-0.26782449067609027,0.36741248164993007
129,-1.3534096931253545,-0.4449695297159004,-0.16597099537082222,-0.09677096667950677,-0.621272688016785,2.418197426912084,0.9154650804979647,1.557177109849191,2.5059387095615056,1.6664368946722556,-0.34369795362771144,-0.34283074175153616,2.476398026436999,0.007747375530073578,0.864547591505181,-0.947977683340366,0.8938260419482217,0.19557857196097697,-0.0286132065574834,-0.6162672440912176,0.481419634302314,2.1103457279722035,-1.0565377369075368,-0.11409352874950007,0.1645833930412059,0.0,-0.08263496336711869,2.286580113360013,-0.26782449067609027,-0.4326180804711909
130,0.5875530160870424,-0.4449695297159004,0.4898581871051688,-1.5536827592881746,0.5948075265433023,-0.18552652990959875,0.5675765331829438,-1.2931210942239146,-0.9128680446360379,-0.46641490693910376,-0.5584148285885291,-0.28509330051411463,0.6012236941167959,-0.6289560009603072,-0.3620369578189896,-1.810171786360154,0.36418741389597403,-1.3341400491613546,-0.7213441358432647,0.9276878671425633,-0.7035071908669335,-0.5064314688278434,-0.487512988275459,-0.11409352874950007,-0.08450395368766823,0.0,-0.08263496336711869,-0.7972368014895085,-0.26782449067609027,1.3581788069257559
131,-0.4188720923934598,4.390207392116771,-0.5294307578721554,0.7709235890284878,0.22156416205905982,-0.13057144685277544,0.22664369707365462,0.7707013176434274,2.5592894370684225,0.28892947374912553,4.091584640993472,1.3398032600247474,0.5516564701223691,-1.319792527423263,0.3446943252818141,0.15434439639707948,0.7136570974301463,1.8128509309596406,-0.12075065261923856,1.245014834460424,0.5510775030921244,1.4023526105381836,0.028774150541984202,-0.11409352874950007,0.09830780211440687,0.0,-0.08263496336711869,1.333779375792519,3.733788487660788,-0.4326180804711909
132,0.9469905548300788,-0.4449695297159004,-0.949042232992192,1.575045269300576,1.377402755314358,0.07482703520675184,-0.6658640766976137,1.1379161366978618,-1.1940569243795427,-1.1525217079146717,-0.5584148285885291,1.0758606715108205,-1.6140956051077309,-0.04281796344726909,0.023688125263947563,0.32248932793555896,-0.3201551816944121,-0.48429512715831313,-0.4296407211509645,-0.9340790872925239,-0.1088768329556661,-0.8947123018769386,-0.41788798727527837,-0.11409352874950007,-0.3719438702116659,0.0,-0.08263496336711869,-0.9284408262011861,-0.26782449067609027,-1.6194183845449068
133,0.4437780005898277,-0.4449695297159004,-0.025148342453099378,1.0126137679221288,-1.5804867657631156,-0.1771744574525987,-0.5427399315478134,0.9051591628319312,-0.6087625587777978,-0.06520333260294005,1.0624785611400802,-0.8091282150320214,-0.24651239849398102,2.889106780825966,-0.9413960326095613,1.9073070991662249,-0.6395942505683518,-0.1595184046848764,-0.005376577004704716,-0.5751641844039944,-0.6136257013840194,0.9531074395913757,-1.1416528396993888,-0.11409352874950007,-0.026047499948569405,0.0,-0.08263496336711869,0.13147654673314585,-0.26782449067609027,-1.5240505029675546
134,1.2345405858245078,3.1814131616586034,-1.35150706666357,1.2395790751575912,-0.8164189633568789,-0.9487198089422682,-0.871212504870699,-0.32713324948264383,0.1510506361147196,-1.081656278868122,-0.5584148285885291,-1.4810831547178456,0.20703401568367968,-0.5368072988874946,-0.07274314550678673,-0.28027476029504045,-1.2610359788155248,-1.5097351944558943,-0.3033296546752915,0.18246557712352732,0.7805200106910086,-1.1228258840069723,-0.8380796902117409,-0.11409352874950007,-0.35501205529366553,0.0,-0.08263496336711869,-1.0600330139720882,3.733788487660788,-2.281695339943186
135,1.1626530780759006,-0.4449695297159004,0.13905579271344887,-1.051156336736759,1.2741652740543052,0.19911731752386877,-0.46752063470304556,-0.8472505920927405,-0.6277082326110609,0.8817675430996899,-0.5584148285885291,0.8586590161403537,-1.2288247352637582,-0.6087383642631999,-1.3070634113721857,-0.5453657272510073,0.8614608792975748,-0.24088939882292656,-0.6862565994009834,0.4679766598257697,-0.7650287195122593,-1.2864910811446872,-0.1101180599454515,-0.11409352874950007,-0.4051896767424168,0.0,-0.08263496336711869,-1.3060467668777496,-0.26782449067609027,0.36741248164993007
136,-1.6409597241197837,-0.4449695297159004,-0.7708602901654721,0.41201221194036913,0.10167986910893305,-1.083580097650212,-1.1345958750430332,0.3414782051414769,0.15191251684716567,1.0050578007369237,1.0286214594601322,-1.1346585072933166,-0.25713470629277807,1.3683180445939687,-0.2656056870482553,-0.3390995085235148,-1.3010308733838862,-0.02937965690100054,-0.24969991368720126,-0.3769067353403555,-0.7244690578802253,1.5240827605117957,0.7979916584496282,-0.11409352874950007,-0.22800054506238443,0.0,-0.08263496336711869,-0.42114946557318383,-0.26782449067609027,1.3581788069257559
137,-1.7128472318683912,-0.4449695297159004,-0.5819865738793423,-0.4178629771305473,-1.6561400286902355,-0.6706014025543099,0.354290163777895,-0.8950034266477643,-0.1197059198283836,0.8570398360594537,-0.5360455589662453,-1.6377990666479896,-0.5463377361710883,0.4692972954289634,-0.665313304392949,-0.4142026265600826,-1.0662969535358449,1.0625028538592913,-0.7202685989429598,0.07513819111655434,-0.37249208939694295,0.827165855031332,-0.48126556796108527,-0.11409352874950007,-0.1762338647907599,0.0,-0.08263496336711869,-0.6248027011879533,-0.26782449067609027,1.3581788069257559
138,-1.0658596621309253,-0.4449695297159004,1.4246022375098824,0.11883845938352333,-1.1997445016820034,-0.1311149940263113,-1.054249412191153,-1.371099588043598,0.6491829993670866,-1.1161907855539777,-0.5584148285885291,-0.9828750224860265,1.0551733548716737,0.1102181689176156,-1.234739958294135,-1.2519364438870966,0.453640968459867,-0.9229322947022535,-0.40719380795449855,-0.07114853530015577,-0.7650287195122593,-0.9855321898810272,-1.1458406574110553,-0.11409352874950007,-0.3742674042925285,0.0,-0.08263496336711869,-0.05433013653256611,-0.26782449067609027,-0.2948644737483487
139,-0.2032095691476379,-0.4449695297159004,-0.2841626356607718,-0.14404489753284325,0.9395923682385464,-0.2410701624267585,1.0294831639709108,0.4280135951685587,-0.3503181416289176,2.229833668432125,0.3745037653033979,0.943889377253857,2.0315721821234707,-1.1751450496130387,-0.9079989906035328,0.3646332363257963,0.9196247799812306,0.9549575961130324,-0.20883789898593424,-0.23609533878991926,1.0131878371073275,0.3992456468066671,0.8250322276623456,-0.11409352874950007,-0.3270864418963736,0.0,-0.08263496336711869,1.8247039397878217,-0.26782449067609027,-0.4326180804711909
140,0.8032155393328642,-0.4449695297159004,-0.2273934095490921,-0.2464907294410927,1.1611065141952503,-0.38300196969327255,-0.8276251717166341,0.5320212008231944,-0.6122707584213148,-1.032428638314471,0.2989068884435133,1.2195609145448716,-0.39316979406422353,-1.0364768515429423,-0.2656056870482553,1.1091723715722934,1.3883569726951424,1.5562125694158524,0.14536537145473946,0.8839515710275062,2.1080335817689844,0.24818301709500518,-0.7429140212983112,-0.11409352874950007,-0.842079754673538,0.0,-0.08263496336711869,0.9765877346630887,-0.26782449067609027,-0.4326180804711909
141,0.30000298509261314,-0.4449695297159004,0.2094465261753422,0.4006088880130112,-0.3881765633695584,1.2725050742375446,-0.6803280326901673,-1.1922524396640486,0.16849567595116186,0.14404948992281766,-0.08356335939373206,1.521847762605159,-0.6362058292402186,-0.1413887499459746,-0.3672886048251638,1.1850291087218567,0.46942738329531014,-0.1768799733478248,-0.12262042222756711,0.6255064457898757,0.18324206581385458,-0.8264810386229902,-0.3575934279348111,-0.11409352874950007,-0.26026042657035203,0.0,-0.08263496336711869,-0.9202150867920674,-0.26782449067609027,-1.0578075263671662
142,0.30000298509261314,-0.4449695297159004,-1.1839972717555254,0.3742971638755252,-0.7654674813172886,0.16292655390164662,0.3965599168539764,1.5887957271559752,-0.12763925475744864,1.8876711619529176,0.3394188626206527,-0.8872123305615102,0.9653325317149595,2.2551585240048992,-0.14506659858483745,1.4778966356320244,0.248099574778548,-1.5350260566808693,0.15252991825104187,0.10553548615425389,1.8938231157129413,0.5710668499355311,-0.7700711949492035,-0.11409352874950007,-0.842079754673538,0.0,-0.08263496336711869,0.5957702002746945,-0.26782449067609027,-0.12002335752320317
143,-1.1377471698795327,-0.4449695297159004,-0.6081775490299629,-1.511511005411934,-1.155190624704162,-0.43338806359271675,-1.1164552120763973,0.3694662517814526,-0.6038772109733954,0.656780236789935,-0.5584148285885291,-0.9999356115510954,0.18667054704330419,-0.029208155116564504,-0.5838770962270639,-0.003889026734575055,-0.189571487426575,-0.09500558698868011,-0.4028519809775327,0.4797010460525094,-0.7650287195122593,-1.3804229830230401,-0.23880185872447515,-0.11409352874950007,-0.2653620053034918,0.0,-0.08263496336711869,-0.1265754990818117,-0.26782449067609027,-0.6286520592690813
144,-0.3469845846448525,-0.4449695297159004,-0.2513586825307581,0.1472737323292036,-0.6816870760703777,0.7544679120820639,2.935505434017541,-0.1425140433394972,0.2573238647367461,0.3912185942803561,2.85112168446834,-0.34283074175153616,1.816834773293673,0.5076270602561513,-0.2993566318180123,0.7311486205517929,-0.19505045600076854,0.06389047405881433,0.3323181375462856,-0.6069415738058932,1.7350694968054332,-0.453650008561105,2.004876315072223,-0.11409352874950007,0.10193697397741282,0.0,-0.08263496336711869,1.1937634930911505,-0.26782449067609027,-0.12002335752320317
145,0.8751030470814714,-0.4449695297159004,-0.33358057647894057,0.16170215612984953,-0.8965164202919975,-0.47866903773923836,-1.2951580235678375,0.023953818166234195,-0.7493904386914637,-1.232625547622479,-0.5581114038872079,0.7968733554515999,0.20827063852047864,-0.0974909779365913,-0.8924089470580282,0.39670532674037784,-1.4483356659541475,-1.183946091332411,-0.44181551497745164,-0.2146696126744648,-0.5008651889309077,-0.12344041073920843,0.6476136653189548,-0.11409352874950007,-0.8361175437557425,0.0,-0.08263496336711869,-0.5788916431900238,-0.26782449067609027,0.19786958106797106
146,-0.7783096311364963,0.46162614312772554,0.7077544847290496,1.5496134556733054,0.7646093187182114,-1.0376129014823368,-0.1301267224685814,0.8746858617924919,0.13619918654354862,-0.8112096952466227,-0.25213784409307527,-1.382104684025123,0.20703401568367968,-0.6567036575905268,-1.086285945568005,-0.06542360852108965,0.2901283019330708,0.12944365344434525,-0.7164406682713886,0.3311690385178618,-0.35318225893729704,-1.182951178116343,-0.05242991665197385,-0.11409352874950007,-0.842079754673538,0.0,-0.08263496336711869,0.8269071701576237,-0.26782449067609027,-1.2909290146673604
147,-2.7911598480975006,-0.4449695297159004,1.71442448343003,-1.7013443110707183,1.105013912539754,-0.7909783714904499,-0.6224764122721337,-1.1437193934252108,-0.05410450566223848,0.5087622721124648,-0.5584148285885291,0.1831111579683837,-1.4078863295260797,-0.4001950940899392,-1.0563392144301533,-0.3483055454011568,1.5618697609491712,-0.5631099867358874,-0.6406949981479341,0.20004724218103434,-0.6975765720162358,0.051559985363483454,-0.9393805936958688,-0.11409352874950007,2.118575320776163,0.0,-0.08263496336711869,-1.0549542653703692,-0.26782449067609027,2.354243347844767
148,-0.2032095691476379,-0.4449695297159004,1.3862448091840827,-0.7719281184194586,-0.6912641627062444,-0.07077937219315716,1.3357516405524505,0.11705699566316743,-1.2216888671870396,-1.2419127171426896,-0.4689850606975013,-1.2336369779860392,-1.6303005088064657,-0.530018407130807,-1.1814896462618278,0.7913097925100502,-0.14381394009877368,3.8162480413414266,1.1632697527694849,-0.17497422193715476,0.5391501358343606,-0.5010865606753274,-0.11065726341587417,-0.11409352874950007,-0.32506706698117244,0.0,-0.08263496336711869,1.3461932822103477,-0.26782449067609027,-0.2948644737483487
149,1.3783156013217224,0.7638247007422675,0.8698675323511191,0.1373545897905882,0.4578898781166374,-1.2725827884536214,-0.618823058365722,-1.0079067386664158,2.110309089045858,-0.9072911164780622,-0.3375330187666863,-0.07888815323760934,0.5994165305592343,-0.6861666127058531,-1.0811490517740479,-0.8431915798832683,2.447201330800108,-0.3896688484943426,-0.4647656787931365,1.189603567960352,-0.576018423854953,-0.8400762351581116,1.5633597469993399,-0.11409352874950007,-0.16971950129666422,0.0,-0.08263496336711869,-0.09391753050014723,-0.26782449067609027,-1.9532059700656395
150,0.8751030470814714,-0.4449695297159004,-0.42578247251481677,0.7064681673737592,-0.3650912609802121,-0.3205929743447854,-1.3030763482229575,-0.40731788882595155,1.893775997239782,2.4997487804910414,-0.5544725820193405,1.2078319657677838,2.947225055326575,-0.9172920596464923,-0.7048896622299661,0.8110965892095138,-0.018178704642935542,0.2490676596359885,4.4559088705050955,-0.8983495226154229,3.4490496059018683,2.409622130269898,-0.13702889137801041,-0.11409352874950007,2.7346704489483624,0.0,-0.08263496336711869,2.015594937108168,-0.26782449067609027,1.4376520415735494
151,-0.3469845846448525,-0.4449695297159004,-1.1658450286562634,-1.3309774507691245,-0.8216417295964981,-0.8030130891823958,-0.5438987107656358,-0.9058061255472457,1.0433899157227204,0.53244514646086,-0.5584148285885291,-0.01290250610912763,-0.021046890077502253,-0.18822763190993072,-0.6768368412500517,0.18072194076254064,-1.260636634859412,-0.11738055843376279,-0.7166235805156816,1.213722593957671,-0.18675761149102565,-0.8038268563377587,-0.621410478339059,-0.11409352874950007,-0.4013306573280871,0.0,-0.08263496336711869,-1.0138325524225522,-0.26782449067609027,-1.9532059700656395
152,0.15622796959539853,-0.4449695297159004,-0.41126371861214084,1.1695856135550748,-0.7285570994836559,0.637481953449648,1.6746595321640092,-0.725891682068733,-1.4809468950948212,-1.2376407445433157,0.15073737372581725,-1.035680036600594,-1.1545221534788401,-0.7111129600263797,-1.088806658985952,0.7584574923850492,-1.2006775928529874,-0.9634133969414324,0.33329947625376233,3.461561049958345,0.8728999950490873,-0.8404890391423262,0.34402443669299015,-0.11409352874950007,-0.3947920993549047,0.0,-0.08263496336711869,-1.4184925962275041,-0.26782449067609027,-0.9571414291466278
153,-0.49075960014206704,-0.4449695297159004,-0.5524598096359563,-0.5902229219400923,-1.1917074822766314,-1.0536270532336316,0.39041152119762224,0.7203237820150649,-0.025732810971022747,-1.283687914383003,-0.5584148285885291,0.2675364941869196,-0.02659757437780406,0.18681217086884067,-0.41828821099768204,-1.6224944743321303,1.0942908613790434,-0.15304252624929224,-0.5414675250931069,-0.7365991869428788,-0.48014379303168375,-0.7464994558991758,-0.3629949137356057,-0.11409352874950007,2.6013130724880535,0.0,-0.08263496336711869,-0.019320382151252986,-0.26782449067609027,0.6959018515274767
154,-0.7783096311364963,-0.4449695297159004,1.7528648365758355,-0.8202936488006028,-0.16709757521954455,-1.465717644541136,1.4618058951028994,0.9200364202624908,-0.20629701827379068,0.3144233914300451,-0.5584148285885291,-1.0609921308390795,-0.9606404255383469,-0.3817274904875035,-1.1190224333692538,0.26292595200086705,1.3452578207161818,0.7645687421039123,-0.7213441358432647,-0.8104231782916786,-0.2975396478531443,-0.1440843163830177,-0.3254804429199794,-0.11409352874950007,-0.3106653033048105,0.0,-0.08263496336711869,0.873802876815487,-0.26782449067609027,1.691966392446488
155,1.2345405858245078,2.5770160464295198,0.9985414227219308,0.8527230830892079,1.2386833965073152,0.12651668696687288,-0.1576574204149478,-0.8497239924472844,-0.11992536404546164,1.8377483593816284,-0.5015211049072297,2.4489428054779707,1.4470497324366398,-1.346892297364436,-0.8688623593612304,1.0448463241879107,1.1329214790457764,0.0018796942471371884,-0.42670767331126075,1.0249073928833157,-0.7296794657442898,-0.005712745187178913,-0.9077815273996029,-0.11409352874950007,5.078625534248696,0.0,-0.08263496336711869,0.6476907470295657,3.733788487660788,-0.6286520592690813
156,0.08434046184679123,-0.4449695297159004,-1.0039428864930753,0.062278927107786736,-1.7677705335653155,1.8058823594800049,-0.9079401079271587,-1.1470275340701999,-1.2475134968886896,-0.9934152821562572,0.280958885196252,-0.2240565769202691,-0.31682119523356,-0.09985564117923676,1.8433462047077036,3.021587725606823,1.809859307327716,0.08794510731943905,-0.1717618774046368,-0.6047386101214771,-0.7594978838886994,-0.03978250970479595,-0.14632619282897935,-0.11409352874950007,-0.842079754673538,0.0,-0.08263496336711869,-1.2588223711182882,-0.26782449067609027,1.1250573186255615
157,0.9469905548300788,-0.4449695297159004,-1.1378808444378528,-0.7580383502251765,1.1545142037499296,0.034159298276139546,2.395465744131527,1.202489645466028,1.1862409283938518,0.4669689644388262,4.904897493774828,-0.7315983789384118,-0.346310607755261,-1.3595896447460043,1.4701571868249619,-0.4524478937774134,-0.37783178615663676,-1.2084790671218153,-0.3096996461670195,1.9068502122019155,0.10096607649112047,2.119847169171163,1.3192767089702675,-0.11409352874950007,1.4045504462349032,0.0,-0.08263496336711869,-0.513423256267421,-0.26782449067609027,0.1872731497815986
158,0.5875530160870424,-0.4449695297159004,0.9753993167868553,1.5594037259331899,-0.12639679562428655,-0.30796845014538565,-0.6672008062910872,0.08046118818668309,0.46772705761329486,1.709715954433692,0.28256244152632237,-0.2629881087260733,-1.007431146960818,-0.35877456487335124,-0.8301317037688726,1.2310737373852108,-0.6775014227232471,-0.7688785523681042,0.009066070573775106,-0.21143028139232373,-0.5395870500736784,0.20866386934244752,-1.455690071468836,-0.11409352874950007,1.7113018775127866,0.0,-0.08263496336711869,-0.5565159034330215,-0.26782449067609027,0.3462196190771857
159,-0.49075960014206704,-0.14277097210135842,-0.9822503064117005,1.138786526153448,-1.1236124529813238,0.36278397226795933,3.2233394660411467,0.654808846552175,-0.22648181528334593,1.296740260542527,0.6472470888425007,1.1361616551391835,2.9146848938796834,-0.00908080376985088,-0.4504316464836909,0.07469111283755772,0.41157995824842103,1.2837305439689646,0.12891907669935684,-0.6858887047677884,0.5086662138817682,-0.43449655231933654,-0.08805956878064122,-0.11409352874950007,0.22218958365811475,0.0,-0.08263496336711869,2.2052780128927942,-0.26782449067609027,-1.0578075263671662
160,0.2281154773440058,-0.4449695297159004,0.04445958070793953,0.7606514002580423,0.365017653876783,0.6094846229382181,0.30787290588348903,-1.4810290434839997,0.9777208460514869,0.3671289317372708,0.3020776083358794,-0.2857927483736766,-0.2294967467608607,-0.5439776554875239,0.8513885802958067,1.6298162691309312,-0.14967191684519152,0.08425907174390716,0.1471196514978883,-1.2319201050444126,-0.49899011541896393,-0.508406766007079,-0.7146489827432453,-0.11409352874950007,1.7501858617592787,0.0,-0.08263496336711869,-0.9189844669385739,-0.26782449067609027,-0.12002335752320317
161,-0.5626471078906744,-0.4449695297159004,-1.1258642087708175,0.8912778124276343,-1.2978728987189656,0.6296653830646328,0.5651690654367665,0.15087701687560762,0.2569326647101883,-0.40080359322225845,0.45259673112302606,1.0098750243823387,2.4301942850441938,1.4158024729718588,-0.5307916816677746,2.9717859440111756,0.8219609068696028,-1.0377403643033087,0.7250462106778156,-0.288869273626655,1.9478683974218984,-0.49264098959985275,-1.386069243680127,-0.11409352874950007,-0.581268454650077,0.0,-0.08263496336711869,0.9306581251554408,-0.26782449067609027,0.1872731497815986
162,0.6594405238356496,-0.4449695297159004,-1.0768810704255456,0.20571002785461753,-1.2196753774153484,0.5167677187719268,-0.3762514750402038,0.5822230810586541,0.6304127645942968,-1.0224985484112143,-0.5584148285885291,-0.2521004769498738,-0.42273656803958726,-0.25157740113750254,-0.6624627960289661,-0.15670004709197788,0.13124939796259708,-0.3188368461825746,-0.5383351125850203,-0.533363842618618,-0.2765928102844817,-0.1506314987656536,-0.16485426983040072,-0.11409352874950007,-0.4246498147249779,0.0,-0.08263496336711869,-0.5507431101147804,-0.26782449067609027,-0.9571414291466278
163,0.30000298509261314,-0.4449695297159004,-1.184116407080267,0.48995483198003964,-0.30373899629025836,0.6013439858063538,-0.1178301646865498,0.7067937906716658,0.5069329381738192,-0.5089681562572748,-0.5584148285885291,0.2704398626605728,0.5140709880712279,-1.022830830534181,1.200149628666906,-0.4827453080231895,-0.12407653665106878,-1.2445562202631602,-0.5710505965894066,0.07645603790112199,-0.7620228305864115,-1.153983318732476,-0.31753047506674087,-0.11409352874950007,0.00328744185552316,0.0,-0.08263496336711869,-0.4686188503874552,-0.26782449067609027,-0.464407374330308
164,0.15622796959539853,-0.4449695297159004,-0.295562587083031,-0.3311835379447516,0.28719570704224545,-0.6794391980174483,-0.8544639182679162,-0.8769516559876755,-0.8671598690850263,1.261656171860763,-0.5584148285885291,0.8119180829968936,0.07551954445701665,-0.16308556368657243,-0.21739005166288816,-0.5645851484457689,0.28753879405215266,0.22786815832708796,-0.42517179113299086,-1.072213564903104,-0.7409810069276921,1.7861449531281646,0.6799754473823971,-0.11409352874950007,-0.2458586628939901,0.0,-0.08263496336711869,-0.5603798555277716,-0.26782449067609027,0.36741248164993007
165,-1.0658596621309253,-0.4449695297159004,-1.2955375122328125,-0.6237255527649553,-1.1511243735405872,0.44133873220092623,-0.7151628696119131,0.1567191212682764,-0.6111107282137221,-0.9893083931221943,-0.5584148285885291,0.2675364941869196,0.21186910653760113,0.6915353628712257,-1.154262276959711,0.1103001904148163,-0.7491482023223618,0.4220144661834464,-0.27648026635031275,-0.0716033794565862,-0.09451469566796557,-0.11565782788080572,0.25030073508448325,-0.11409352874950007,-0.3474581932873803,0.0,-0.08263496336711869,-0.15800612160581537,-0.26782449067609027,0.36741248164993007
166,0.30000298509261314,2.8792146040440616,-1.0756673274767279,1.5653783224591973,1.9770824976288595,-0.04743487588183267,-1.08355751211794,1.0483215409691073,-1.090708390901559,2.056960527126014,2.3168813124516943,0.42425240611706366,-1.6303005088064657,-0.47954027419449946,-0.16917441627752103,0.5291306601114832,1.465248350959134,0.2989725094212586,-0.09414127612804116,-0.5030012205748361,5.8812580172959334,-0.5793747667860056,2.2719152074739952,-0.11409352874950007,-0.5814101651704421,0.0,-0.08263496336711869,0.3751476804674901,3.733788487660788,-0.7452128034191786
167,-1.4971847086225694,-0.14277097210135842,-0.11043679624509502,-0.11367473702662638,-1.6252201406617919,1.0394083131758016,-1.0814249099782474,-1.426800883009499,0.15435276755792393,0.3118705168863137,-0.5584148285885291,1.1131095693148485,-0.9235419338380128,1.247760496585461,1.4701571868249619,-0.9091186438557501,0.36697417888061185,-0.19524939239731612,-0.6713845758134136,2.102284132894724,-0.6758824704606075,-0.3299223228097813,0.06781037064654755,-0.11409352874950007,-0.3018567847401718,0.0,-0.08263496336711869,-1.4908578888307524,-0.26782449067609027,0.36741248164993007
168,2.4566282175508314,-0.4449695297159004,-0.9915834949033494,-0.8180863122030076,-0.17977424192449085,-1.149112100857007,-1.2087427990203603,-0.8699000079570057,-0.18421844868770246,0.48528836430243777,-0.5581109489776107,0.34177034720646154,-0.305356808011644,-0.7706006594564128,-1.16209442477171,-0.6759426311090124,-0.2905465345498687,0.09125113373283181,1.8523472761176678,1.75773040186487,-0.7650287195122593,-1.5714367915930734,-1.493289724895087,-0.11409352874950007,3.0919753801893797,0.0,-0.08263496336711869,-1.1068087905759487,-0.26782449067609027,-1.6194183845449068
169,0.7313280315842569,-0.4449695297159004,-0.10370247161242686,-1.0983602132297519,1.1052035072186357,-0.8612557275651864,-0.6475536369290115,-0.6936258339093266,0.942300572090874,-1.2202575147715937,-0.37538058743312436,-0.7552410363045468,0.9100535181929782,-1.1132884990796323,-1.0130598957955401,0.1878211925693965,-1.1513894992448217,-1.2468149563489184,-0.7211289639438936,-1.0855659437497684,-0.7650287195122593,-0.184807591582235,-1.5688641298139694,-0.11409352874950007,-0.3463806748794831,0.0,-0.08263496336711869,-0.5291845097976078,-0.26782449067609027,-0.6286520592690813
170,0.7313280315842569,0.46162614312772554,0.4009025213564516,0.6131642214080765,-0.9647215167151502,0.7220495468589654,1.321224631277186,-0.8291945108708627,0.16128193195300997,0.05228601392919294,0.7938635421954138,1.6004498654646064,-0.6971931510243395,0.3732358997127569,0.8296809369326067,-1.3080018978577959,-0.9518446198376618,1.4725447316813947,1.1075924914735855,-0.45837543930872826,-0.34099939112083616,3.5322388589084177,2.2125490649444264,-0.11409352874950007,-0.842079754673538,0.0,-0.08263496336711869,-0.114936172757988,-0.26782449067609027,-0.12002335752320317
171,1.2345405858245078,-0.4449695297159004,2.4254771733727933,-0.148641989507938,2.035913190485088,1.0797233226852896,-0.8870045498216879,-1.305432705277645,-0.9788182045146595,1.5418050718586978,-0.5480428897727547,-1.1346585072933166,-1.256838091249574,-0.17161167861100002,1.180863374512759,-0.6539712472203745,-0.9253046424819124,-0.25506006306269546,-0.25441401708376876,-0.27040959007750315,-0.2265826338695824,0.4627752996994373,1.7560937499601679,-0.11409352874950007,-0.842079754673538,0.0,-0.08263496336711869,-0.559245921777869,-0.26782449067609027,-0.9571414291466278
172,0.8032155393328642,-0.14277097210135842,2.075468645924595,0.21151510670074414,1.1356044717439997,0.4953325513271231,-0.3335683726663502,0.7517969178614691,-0.6248845360863624,1.1268184233133027,-0.28191031249991644,-0.14267317903435617,-0.16252164846324346,-1.2529887584743522,1.2728115555053618,-0.06722575069793367,0.329571079968856,0.16655370666454794,-0.2584355056858087,0.11387038246377641,-0.4200530675150615,-0.5644496557315936,-0.13967838969636778,-0.11409352874950007,-0.14360760974233647,0.0,-0.08263496336711869,1.0991860413960046,-0.26782449067609027,-0.2948644737483487
173,-0.4188720923934598,-0.4449695297159004,0.3532992520160757,0.7548861344840317,0.5028735528938107,1.4553811688004847,1.237737414354267,-0.8665000523459104,-0.7805557823334848,-0.2027875980196864,-0.36353201206489383,-0.16137021214821146,0.5745009205817088,0.14590453141901882,-1.1768811958316945,0.8600893819707809,0.06471503443308337,-1.3321667196763334,-0.5048637848621534,-0.08388908596281024,0.142442534245538,0.25985457486193464,-0.2877001139853147,-0.11409352874950007,-0.5284156150851671,0.0,-0.08263496336711869,-0.4958537761723335,-0.26782449067609027,0.19786958106797106
174,-0.27509707689624524,-0.4449695297159004,0.9263437574321118,0.47812715896695746,-0.10692413819440566,1.8033431243029872,1.37152316901847,-0.34014748210798573,2.0398262041816193,0.9667472687027551,-0.5584148285885291,1.2408247893320248,0.1440165359518142,-1.085338962927864,0.8708860189329414,-1.0674651043830377,0.21667621311924318,-0.6984769250891937,-0.14921334629467467,-0.9854857595029669,-0.17143118503591318,-1.4234310425636203,-0.15800922108500307,-0.11409352874950007,-0.7495151340419549,0.0,-0.08263496336711869,-0.0434925628081586,-0.26782449067609027,1.691966392446488
175,-1.2815221853767473,-0.4449695297159004,0.7006409172528884,0.6889896738288117,0.46287381240047926,-0.0396321330151082,-0.5034084614460653,0.9026814519155983,1.672416295789882,0.2712098078506306,-0.45097200537784277,0.5314790827008464,0.17668724485176135,1.109295409760657,0.08246973498766406,0.8016412791593142,-1.0035470793880048,-0.6665478944007645,-0.4714453629736146,-0.2101375520521688,0.3347274452986627,-0.10896285147913003,-1.5651392930926133,-0.11409352874950007,1.714901670365473,0.0,-0.08263496336711869,0.620060892340742,-0.26782449067609027,1.3581788069257559
176,-2.0003972628628204,-0.4449695297159004,1.5532222267476903,-0.47714741594138715,0.3529646177954032,1.8663035862218493,0.5709751051210674,-1.389512368253518,-1.4750335325526407,-1.2171641134486164,-0.5584148285885291,2.004512975655864,-1.3835118629169252,-0.0899205574646945,0.12011939603468186,-0.9231870395668408,1.507213528789005,0.6893866208841786,-0.40879130607396763,1.1405863291575196,-0.41722031779134255,0.4446450506396419,-0.7954480029414386,-0.11409352874950007,-0.12434016350393015,0.0,-0.08263496336711869,-0.6655024218529415,-0.26782449067609027,0.6959018515274767
177,-0.2032095691476379,2.2748174888149775,-0.8405099521525806,0.5158846558125244,0.23832428181166077,-1.469520966299346,0.25813577588900977,-0.39047285993870107,0.3603422626125356,-1.1507803200949367,-0.5584148285885291,-0.07888815323760934,-0.8633299672232266,0.17235456708553015,0.21655066680541615,-0.6185016882098459,0.29449312374746617,0.0715524820741189,-0.5313118630779602,-0.14892115272005604,-0.3783481622022795,0.4261409151429652,0.2958868105935914,-0.11409352874950007,0.63522649747536,0.0,-0.08263496336711869,-1.057130030080749,3.733788487660788,-1.2909290146673604
178,0.8751030470814714,-0.4449695297159004,-0.621622702929631,1.7859671569668403,1.4058449487786138,0.05257616988750916,-0.9182574932240946,-1.1040820535503888,-0.4370336951868371,1.066006374427647,-0.4862206755155739,0.08651476913699933,0.14358215138949793,-0.12903554617832186,-0.44284636272486494,0.575895204579164,-0.7417126771407837,1.6121746479917411,0.17340030210383955,1.518411391500429,-0.5145978930775358,0.47942042735474355,-0.15086664690998908,-0.11409352874950007,0.4131963551622728,0.0,-0.08263496336711869,-0.1577333052864278,-0.26782449067609027,-0.9571414291466278
179,0.3718904928412204,1.0660232583568094,0.5590606078963796,-1.504067764305815,1.34540089370755,0.9288309064522734,0.06938343878681723,0.05510172212565633,-0.790887495225173,-1.263970528377708,-0.49964050863247483,-0.5572840949191017,0.43267145993092393,-0.9352255878337749,-1.0008941266751044,0.3182155733142207,-0.7238555711108811,-0.20733746785579657,-0.5761050393470484,1.521101961225292,0.35214897633509107,-0.070765047119367,-0.3385767169666807,-0.11409352874950007,-0.842079754673538,0.0,-0.08263496336711869,0.4706653663257733,-0.26782449067609027,0.36741248164993007
180,1.0907655703272934,-0.14277097210135842,-0.539868504966281,0.17585230459020035,2.229223600979312,-0.6386623493970514,-1.3030763482229575,-0.2753903434076068,0.8468981679927744,2.1182009574153247,1.5595086928359412,-0.49129844779062,-1.4369982181539065,2.039116889198733,-0.8586734312915946,0.21975814147032188,-0.567347311147224,-0.380253095530905,3.9084654271981476,-1.1008725689780228,0.5178846740395582,-0.43492348707966627,0.21336143100284297,-0.11409352874950007,3.23065813431438,0.0,-0.08263496336711869,-1.2261886286257855,-0.26782449067609027,0.1872731497815986
181,-0.49075960014206704,1.9726189312004354,0.5839565737745769,-1.6701050603317253,0.8236808379515597,0.2246515899135916,1.9619744254932943,-0.1589525862500424,-1.3531080380513607,-0.6143304780127736,-0.5584148285885291,-1.1198117366894083,-0.2436155988615796,0.1357191614398107,-0.3861447755116732,0.14746892142862583,0.15308265813732366,1.0881963765639242,-0.14340918915301712,-1.2260229659214252,-0.29663727999760475,0.24050537262316207,0.021117780389918236,-0.11409352874950007,-0.842079754673538,0.0,-0.08263496336711869,0.4032788624248204,3.733788487660788,1.691966392446488
182,-2.0003972628628204,-0.4449695297159004,2.8342572849197434,-0.4060002075765406,-0.15581837461909645,3.0108388270248816,0.0058644959064468585,0.9198329617460487,-0.7585791806433179,-1.162506129117904,-0.553987193479146,-0.21085944749457275,1.8026139974777533,-1.1819232253731584,0.3750152097502561,4.151596745136781,-0.5695634031964872,-0.7308877626255524,-0.7176881491332601,-0.6748528641367976,-0.6382751929315412,0.46945151228364873,-0.0021149788380684046,-0.11409352874950007,-0.842079754673538,0.0,-0.08263496336711869,2.185526111369134,-0.26782449067609027,1.029689437048209
183,0.4437780005898277,-0.4449695297159004,-0.34386905889705577,-0.5495979128516338,-0.9931111073164947,-0.7539299246200698,1.2568318166045762,0.36865759038983104,-0.5244975302623549,-1.2765781761925892,-0.5565951901997968,-0.27684509462305446,-0.8892768053780764,1.1662251884927,1.2290790098981261,0.023531897657372704,0.3440811701679891,-0.5490275293913977,-0.6627780224351187,0.24431755700556207,-0.32294542105440943,-0.6217330422773591,-1.5677957876772612,-0.11409352874950007,0.11437984893629034,0.0,-0.08263496336711869,-0.7354087664062858,-0.26782449067609027,-0.2948644737483487
184,2.528515725299439,-0.4449695297159004,0.7111477683636854,1.0411012001539264,-0.33949809840387096,-1.2460841095154789,-0.489191814440145,-0.9742615107345206,0.23125788516737328,-1.3475571437249854,-0.5584148285885291,-1.7780185667960131,0.43512149716842297,0.13394745000725458,0.2647663021907833,-1.2567675067910669,-1.27917931100366,-0.9354145030855613,-0.7213441358432647,0.7957320078418134,-0.16869282022446588,-0.5577157617825845,-0.6492395390368655,-0.11409352874950007,-0.4641861858182724,0.0,-0.08263496336711869,-0.38179112818736055,-0.26782449067609027,-1.6194183845449068
185,-0.13132206139903066,-0.4449695297159004,-0.9237700648472352,0.47210220653440627,-0.5960499892048332,-1.210481518239458,-0.5630524298078288,-0.7943906039300771,-0.509439043214294,0.6480732976912603,-0.5584148285885291,0.6469539651756894,-0.31515579653983533,-0.23073651222621736,-0.3138213224336225,0.6207068173916055,0.4222567531845478,-0.07838698154034875,-0.5672755717521636,0.0702200862942628,-0.6595683089044615,0.15990805870403763,-0.07328652291298744,-0.11409352874950007,-0.3236266313869746,0.0,-0.08263496336711869,-1.0976574399584118,-0.26782449067609027,1.691966392446488
186,1.4502031090703296,1.0660232583568094,0.8547370696928673,1.517859825591434,-0.243403013925697,-0.25501182059570227,-0.9927082406118182,-1.1219420042108659,0.4496554773973507,0.5435900285071638,0.6276509481246452,-0.10326325128687047,-0.694328262991574,0.5053978866252836,-0.6963323512617711,-0.32843219247715727,0.8604344306057963,-0.053295450909539355,0.48301718066447585,0.7078564444382949,0.8179920232184118,2.4707101703716345,1.1795723178855664,-0.11409352874950007,1.9290521892931431,0.0,-0.08263496336711869,-0.49682707567338064,-0.26782449067609027,0.1872731497815986
187,-0.05943455365042336,-0.4449695297159004,-0.9263136454928786,0.6441668132584635,-0.8903721067407598,-0.5894620280433897,0.4041653104023084,-0.22776402384109096,-0.4105792295653226,-0.5365684566449457,-0.5584148285885291,0.5882432356431228,1.5595065963607544,0.6147276568505148,-0.024527510121419585,0.4140804766224593,-0.16144430213831812,0.018744532841202456,-0.2508941661181937,-0.6576318528191732,0.004758994352652381,1.7518282475066345,-1.060491363810743,-0.11409352874950007,-0.842079754673538,0.0,-0.08263496336711869,0.40636266897264983,-0.26782449067609027,-0.2948644737483487
188,0.3718904928412204,1.0660232583568094,0.10496429354481228,0.13244218383319495,0.5184841380450664,-0.5128158427486731,0.3071176676750171,-1.359216446831697,1.1976132566188218,-0.5150344548661034,-0.48665011017531473,0.04483493512829386,-0.7007059412315305,1.8789292456070934,-0.6754385878238761,-0.3775008176829294,-0.285386583585428,0.6430366955189197,0.31177131803392155,-1.2319201050444126,0.6502405764002712,0.44317521827160505,0.6280443720553901,-0.11409352874950007,-0.842079754673538,0.0,-0.08263496336711869,-0.6618674172134215,-0.26782449067609027,-0.7452128034191786
189,-0.7783096311364963,-0.4449695297159004,1.0919078596467546,0.7807385517163746,1.107195061580563,-0.5216740023751124,-0.3702462336886713,1.0319769683055628,3.5031110666531298,-0.9544137674352177,-0.2718513514870042,-0.6727589773939446,0.20703401568367968,-1.1223286123221952,-0.999494908936221,-0.9852760845514893,1.4214727799685782,-0.6415666890105761,-0.5637463654866159,0.6261062612830796,0.2790301270360595,-1.3627117925532808,-0.055962171938070786,-0.11409352874950007,-0.2617207362009425,0.0,-0.08263496336711869,0.8572371425226902,-0.26782449067609027,-0.2948644737483487
190,-0.9220846466337108,5.5990016225749395,1.325377438467718,-0.06666770635012333,0.9535888432669631,0.5733271710646053,-0.3391303727934919,-1.330953170821492,-1.2386322094671232,-1.259693679892439,-0.5584148285885291,0.7954216712147733,0.9295894126827965,-0.41831756869946457,-0.4629686759965941,-0.5723672205321504,-1.3608567160058402,-0.8553359664765258,-0.6771903459378251,1.1160149161450714,-0.7393379880408237,0.4210068103718383,-1.5521021804555966,-0.11409352874950007,-0.842079754673538,0.0,-0.08263496336711869,-0.1116917319613032,3.733788487660788,0.6959018515274767
191,-0.3469845846448525,-0.14277097210135842,0.8084429068443157,-1.4818848083404146,-0.1965419654084605,1.0442339913545406,-0.3514388406400356,-0.21353421279124335,-1.1041365547467696,0.5372054042048875,-0.5584148285885291,-1.225388772094979,1.1160310962209095,-0.9476688306070726,-0.5753429287638538,-0.8291637813394379,0.925219916720888,-0.7667074902054482,-0.5954859949248887,0.8895885261882619,0.00848028484285189,0.5727176025682547,-1.0324605160641374,-0.11409352874950007,2.4889815624426315,0.0,-0.08263496336711869,0.527237322199675,-0.26782449067609027,0.36741248164993007
192,-0.13132206139903066,0.46162614312772554,-0.033114929911053186,0.4560626711673657,-1.2324334414413398,1.3408873060781863,-1.0674833621094884,-0.3271222575500818,0.4627626168401928,0.4042790029283682,1.2326957243948515,0.9702836361052497,0.46263625858538243,0.6497459323934791,2.0137074735275293,-0.9525359464115066,-0.32981340805501724,0.5686305817887716,-0.13485167045044097,1.9210699619279192,-0.29889891082541264,0.8671290797972114,-0.992545712203306,-0.11409352874950007,-0.585756530520661,0.0,-0.08263496336711869,0.2598403353069432,-0.26782449067609027,0.36741248164993007
193,-0.4188720923934598,-0.4449695297159004,2.7682488517790884,0.23799066093637997,-0.1526008743881351,-0.4630986236203631,-0.34649709799022893,-0.8695818884969756,-0.29346813182299414,0.35840875809116607,0.09580749477555725,0.3506025260746088,0.5981683035043859,1.0914185408655726,0.01533042702624802,0.6384333352091929,0.994915986250486,0.5905336063711976,0.88464053108725,-0.9862059749199318,0.522433185162151,-0.7319366486782718,0.6647579544930269,-0.11409352874950007,-0.12344583186626082,0.0,-0.08263496336711869,1.325665491074349,-0.26782449067609027,-0.4326180804711909
194,-0.2032095691476379,-0.4449695297159004,-1.131501714450876,0.23356558362826724,-1.1427303527148884,-0.6665530823129311,-0.9460801045163453,0.4391068259326205,-0.3702140942184673,0.7177288104806581,-0.5584148285885291,-0.45418152128084904,-1.4918331769318636,1.3438680819420463,-0.5163269910521645,0.07290374321483806,-1.2816706987273154,0.06021936170423602,-0.6726456057304179,0.4418018256064093,-0.7650287195122593,-1.3924640258375691,-1.3801721276463328,-0.11409352874950007,0.06683337708821842,0.0,-0.08263496336711869,-1.181436603479142,-0.26782449067609027,1.3581788069257559
195,0.012452954098183935,-0.4449695297159004,-0.5933558431181992,0.0375858054979994,0.11440801681478541,-0.43511348646597137,-0.18291306250883008,2.3645776621474304,0.2085824350650454,-0.32710388136030827,-0.1222807152099842,-1.0851692719469552,1.492107363893431,-0.31808629542223504,2.386254259146938,1.1744712190023463,-1.0478503639704706,-0.6929382782267114,-0.18570675850526105,-0.321709240133492,-0.022196014000994684,0.2323855043545369,-0.557438337760075,-0.11409352874950007,0.20865190852056378,0.0,-0.08263496336711869,1.5160121652742535,-0.26782449067609027,1.691966392446488
196,-0.993972154382318,-0.4449695297159004,-1.1068865872964315,2.5001318250395967,-0.4455647909897461,1.1278390637861142,-1.3030763482229575,0.3725151121348316,3.358724719883714,-0.2450267009751772,0.20489754563764345,0.23498577445843957,0.1865274283540281,0.7179969767409253,0.8722833080464093,-0.7619500826158885,-0.5786890862165089,-0.5434108021049976,4.051044069940071,-0.965926641729358,0.33953386169109323,1.8519621701871072,1.1743686914051272,-0.11409352874950007,-0.842079754673538,0.0,-0.08263496336711869,-0.3051194845458432,-0.26782449067609027,0.1872731497815986
197,1.1626530780759006,-0.4449695297159004,-0.17208974142298092,-0.7483962345333056,0.6032380702098376,-1.061000388805074,-0.23052950042812886,-0.9230496658718919,-0.7220614917419995,-1.2805903337292583,-0.5584148285885291,0.0038809432380016917,-0.8034226113322376,0.7180976085707639,1.746062481503356,-1.050263176376355,-0.6364602520738157,-0.22413595141383616,-0.7190969282705221,0.04705825334162881,-0.7620228305864115,-1.362633494154479,1.0048318526332642,-0.11409352874950007,-0.8391988834851423,0.0,-0.08263496336711869,-1.2198267703107226,-0.26782449067609027,0.0336248961291977
198,-0.5626471078906744,-0.4449695297159004,-0.03668180283556781,1.1408953704820455,0.20698793367661392,-0.6715275948703626,-0.13813986057844466,-0.2559331140762057,2.178598694871209,0.4687103522585611,0.3073904975213806,0.24279187651373896,2.001948160672397,1.1741423391983734,0.410216480832405,0.3362337122928554,0.0023418806817801226,-0.4984090298612408,0.2514938299238806,-0.6336941092467462,0.05760192049127056,0.015818387875004038,0.14872304948658266,-0.11409352874950007,0.3791650921497428,0.0,-0.08263496336711869,0.7907796327525158,-0.26782449067609027,-1.5240505029675546
199,0.012452954098183935,-0.4449695297159004,0.08411146547402933,3.2812305906296912,0.535716063096528,-0.75862952097294,-0.00092914500965002,-0.16456515322744547,0.42491062180270117,0.38196276974090093,0.7099122505832619,0.24279187651373896,1.0789165520189403,-0.6539412707511264,-0.3759558474420374,-0.7800468991235262,0.6073515329550461,-0.3454681334324863,-0.12122486954888712,-1.0679924691632656,-0.020447789001721634,-0.8760555076678055,2.038029411675573,-0.11409352874950007,-0.07453237194979,0.0,-0.08263496336711869,0.4123776140559793,-0.26782449067609027,0.3462196190771857
200,-0.3469845846448525,-0.4449695297159004,-0.5911967572213158,0.4528426675786666,-0.2622820817034843,-0.23688922371450086,-0.2042418862738763,-0.6012642885681956,0.5093594251571812,-0.7798647144913937,-0.5581114038872079,-0.3263343299694157,-0.46094751744359175,-0.15956098619473474,0.5769847205033128,-0.23621895512213145,-0.3927224097117858,-1.1565060188040333,-0.3751109357861944,-1.0356949848526034,-0.18933726536718817,-0.1366376290224327,-0.4441964033577725,-0.11409352874950007,0.8860973229483399,0.0,-0.08263496336711869,-1.3069731419718622,-0.26782449067609027,-1.2909290146673604
201,0.08434046184679123,-0.4449695297159004,-0.41523996373141725,-1.5849217325841563,0.28214869918344365,-0.5444469193621845,-0.3716635313656089,0.6825660626083482,-0.9875197880588131,0.5716145309677221,-0.5584148285885291,-0.375823565315777,0.4940978079645809,-0.8439873759521089,0.9170949195735696,0.7678182580888531,-1.5075328786566444,-0.796464659272956,-0.3218934731900027,0.4476885901327916,-0.31981929657152774,-0.7801802765955266,0.7190115447454466,-0.11409352874950007,-0.06656029109072027,0.0,-0.08263496336711869,0.07515339934252563,-0.26782449067609027,1.029689437048209
202,-0.7783096311364963,-0.4449695297159004,-0.8129595627859987,-0.5878241496647267,-1.048653747286767,-0.0674857830410266,-0.2755413707101093,-0.6245684787682141,-0.3696945619730882,-0.08005876381553491,-0.4205772206420551,-1.3326154486787616,-0.9969092156481483,0.5066852842819213,1.132647739127392,-0.9651686687143639,-0.9590955977804506,-0.07844241064674773,1.019146517742421,-0.8829148530238036,-0.7650287195122593,-1.3932761979860855,-0.9428338034470347,-0.11409352874950007,-0.43358535430482187,0.0,-0.08263496336711869,-1.3717660356876613,-0.26782449067609027,1.029689437048209
203,0.4437780005898277,-0.4449695297159004,0.8010587280388691,-1.028802614597927,0.6145618959878265,-0.3413918245387939,0.10237688632272465,1.0058780253696284,-0.6513422972482393,-1.2117288937856598,-0.4298273523911759,-1.382104684025123,0.31340601446995126,-0.15287137137176793,0.8433539268151891,0.9275835403700393,0.36752858318887555,-0.6648120040205581,-0.697470378102693,0.38797869143404207,-0.3758027754598717,0.9849262409694791,-0.9197027969340448,-0.11409352874950007,0.022008784137400962,0.0,-0.08263496336711869,0.6608326365140486,-0.26782449067609027,1.691966392446488
204,0.012452954098183935,1.0660232583568094,-1.262620781347591,-0.6967152601675884,-1.036457736125389,-1.189906422432335,-1.1017369411769093,2.4222794888396186,0.8570990285465406,-0.4657183518112098,-0.5584148285885291,-1.4711853076485732,-1.2614163420773352,1.256519899986895,-1.1080996633290527,0.17338654694234887,-1.4003299977174584,0.07809631446225951,-0.37720168403180815,-0.9029361863777465,-0.7505198948449774,-0.7338607507505986,0.30458378330023134,-0.11409352874950007,-0.842079754673538,0.0,-0.08263496336711869,-0.08911279860962103,-0.26782449067609027,-1.6194183845449068
205,-0.13132206139903066,-0.4449695297159004,1.2674563866061581,-1.0286924697224564,1.0008223499699316,-0.6928234814945655,-1.0858928188850145,0.7834724345838682,-0.8774485460966869,-1.113206046830952,2.0252710682790203,-1.5800616254105682,0.7872449181542519,0.7301922735246698,0.795138291429822,0.5144116154609601,-0.8073326929872049,-0.04467622486449863,0.5937729640580243,-1.2319201050444126,-0.12497396933136594,0.6438280693686695,0.21255096878677174,-0.11409352874950007,-0.842079754673538,0.0,-0.08263496336711869,1.2991908498083402,-0.26782449067609027,-0.2948644737483487
206,1.2345405858245078,-0.4449695297159004,0.31780466489294157,0.9990714970994516,-0.28421722623481577,-1.0373794678326476,-0.888420679845242,2.326663469347772,-1.2660450957681728,-1.294540939830719,-0.36574742180317543,-0.8872123305615102,-1.0449323050274668,0.9213575229189369,0.7469226560444547,0.7914624422360018,-0.13617963262968422,0.2637550404012748,-0.20035328710383465,-0.5491924738655369,-0.35475013060101923,-0.49339524873150414,0.7360740880712826,-0.11409352874950007,-0.14171007131110763,0.0,-0.08263496336711869,0.7564298756110651,-0.26782449067609027,-0.13061978880957564
207,-0.6345346156392817,-0.14277097210135842,0.5517908653425408,-0.951783047456723,2.704672458330142,0.12951977253018723,-0.20373068762256366,-1.0860951568452248,0.4626148990898276,1.3518259297217663,2.060879116998526,1.521263789628072,1.7832736340620676,-1.3641142587451365,0.7469226560444547,-0.4587883834339118,3.6783248576689593,0.3549425825798012,0.5047647045388479,-0.6440670677578012,1.084058281489825,-0.4154802341015047,1.9797764119352743,-0.11409352874950007,0.6441041431231036,0.0,-0.08263496336711869,1.0151614523143533,-0.26782449067609027,-0.12002335752320317
208,-1.0658596621309253,-0.4449695297159004,-0.5180789028454996,-0.5609994333994186,-0.41036562266807053,1.7226549040024786,0.9388531777702174,0.8535807046891456,-0.21720370603107386,-1.358005470643395,-0.5526829676640223,-1.8275078021423745,-0.3379899966065647,-1.2033576819564047,1.4280167214981512,-1.4127265037192056,-1.1744988298585597,-0.8922570810600127,-0.46814197429361387,-1.0916173367433342,-0.7634253783592121,-1.068031830578137,-0.4267013189370653,-0.11409352874950007,-0.43538438664262624,0.0,6.143991812757932,-0.4681083564906172,-0.26782449067609027,-1.9532059700656395
209,0.7313280315842569,1.3682218159713515,0.29344052352704786,1.671488066774164,0.07347289271177106,-1.0690790535140537,-0.3836027872122781,-0.46153678159260586,0.2211516260075417,1.0711657582599576,0.35645386230636755,0.7327353064427156,-0.0107651660784554,-0.9497984809594708,0.9596172527326325,-1.0575430910488355,1.3514640477616924,1.0171112124681223,-0.39459738043614023,0.6163961848919604,0.015232112548091092,1.0893631008030302,0.3029753785025034,-0.11409352874950007,0.7913361892510995,0.0,-0.08263496336711869,0.29426637189129473,-0.26782449067609027,-1.370402249315154
210,-0.5626471078906744,-0.4449695297159004,-1.025968824350873,-0.9106501789361507,1.110771308350526,2.062470565661089,-0.99273859959979,1.3590738198456986,-1.2825745569497922,1.921930529363255,2.2674904127567355,1.1418463186393022,-1.1081106965829508,-1.3813019782057694,0.8211747345379201,2.1745175446468923,-0.45579791059914254,0.3391087786619746,0.5611413551568412,2.2353792867121514,1.0055787298804364,2.114423962619845,0.05617828011877911,-0.11409352874950007,-0.842079754673538,0.0,-0.08263496336711869,-0.021852990607391716,-0.26782449067609027,0.812462595677574
211,0.6594405238356496,-0.4449695297159004,0.19611359719874868,1.1158659879426094,1.031138177634233,1.6242136586732652,0.718887130419305,0.9244530218715281,-0.8815173753124562,-1.0160470548166605,0.7484521916566126,3.229741070102225,0.35645166792060884,-1.3231511917268601,0.6189930749891678,-0.7612399057546512,1.8825551591781853,-0.2914244882073965,4.539655902877579,-1.2319201050444126,-0.21824489916706594,-0.3753872841778474,0.36652933874373883,-0.11409352874950007,-0.842079754673538,0.0,-0.08263496336711869,0.5865697427196679,-0.26782449067609027,1.3581788069257559
212,0.5156655083384349,-0.14277097210135842,-1.2506182428999566,-1.5678881189077665,-0.5239009245766746,-0.8441471905935396,2.0753601078937165,-0.20358759146306274,0.024748664012067052,-0.9187111377998839,-0.5515911846307828,-1.4590868392475662,-0.30325451050835894,1.4520844970755868,2.579116800688406,0.18867515562411086,0.00651935908710148,-0.4241121754273599,-0.7062143576116207,-1.0578725962062387,-0.7235474523355604,-0.9345212463658894,-0.5562715569292446,-0.11409352874950007,1.1738388063723826,0.0,-0.08263496336711869,-1.0740312193198647,-0.26782449067609027,1.3581788069257559
213,-1.3534096931253545,-0.14277097210135842,-1.315289098693919,-0.09827415291452071,0.5597206690734823,-0.8740316002375134,0.1905760517095701,0.3242256126370739,-0.1646714356659447,-1.232277270058532,-0.5584148285885291,-1.1171987050631202,-1.1622892434265795,-0.31684718133634,-0.38800204178671754,0.2740888598815148,-0.7660223273985479,0.1261725367085403,-0.6305332067983224,0.17984408037079927,-0.5886972633441788,-0.6328567429047445,0.622246799389343,-0.11409352874950007,-0.842079754673538,0.0,-0.08263496336711869,-1.0672025177190658,-0.26782449067609027,-0.13061978880957564
214,0.5156655083384349,-0.4449695297159004,1.098614819088821,-0.07163324264417315,1.1357794822168135,-0.21811635635950186,-1.3030763482229575,0.13214482403712094,-1.1008609814817807,-0.7957099505407259,2.1242653104508222,-0.49129844779062,1.154711823052281,1.4314265191402018,-0.5115054275136278,1.738848442348675,0.24194291620626596,-0.07546549455259889,1.9811642725998102,-0.47346583610247317,0.6561194939614442,-0.06900796618767917,-0.5040425879480795,-0.11409352874950007,0.4842961524012533,0.0,-0.08263496336711869,1.2392696916711088,-0.26782449067609027,0.1872731497815986
215,0.5156655083384349,0.15942758551318356,1.1537647998818548,-0.6264472687054291,0.8069502605650961,1.113171209497486,1.021508791953381,-0.9940743614135165,-0.5378458257176044,-1.169935586112021,-0.5584148285885291,-0.9202051541257511,-0.19789826760867918,-0.5174207062000825,-1.2620618302416071,1.5952266072145798,-1.1251649807366446,-0.8203735246431949,-0.4065163551978577,-0.21003926640011902,-0.04430973765067137,0.16673785660897533,-1.3016564678306284,-0.11409352874950007,-0.842079754673538,0.0,-0.08263496336711869,-0.5045705849563498,-0.26782449067609027,-0.6286520592690813
216,1.3064280935731152,-0.4449695297159004,-0.8605904737330432,0.24965492001582917,-1.1521352958586213,-0.522744629404947,0.3140460557915742,1.6562047234689636,0.7566866276762105,-1.2012805668672502,-0.546435694165907,0.24691597945926907,0.23120946995328687,1.220512303933204,0.27270741733875326,0.6528039664350349,1.0796290153926413,0.5685287841029811,-0.1255137906915248,-0.542372541676082,0.2706322745550261,0.16145086147332452,-0.056266325409436005,-0.11409352874950007,-0.842079754673538,0.0,-0.08263496336711869,0.9101213856441662,-0.26782449067609027,-0.7928967442078547
217,1.522090616818937,-0.4449695297159004,0.8827991051988847,-1.4601241206381539,-0.028055992714336685,0.9468090686196929,-0.031113919096796765,-0.29701492320653083,1.0623169794457012,1.5904636268728594,-0.5584148285885291,0.21804725884055834,-0.9437176075496219,0.11497225305014953,0.6022757498883533,0.4821983650847459,0.8101742865277541,-0.4679411423958192,-0.5540549199080433,-0.7142342868189485,0.06860527749322881,1.621104669318004,-1.2683222047528089,-0.11409352874950007,-0.1384291271292425,0.0,-0.08263496336711869,-0.5146138266852285,-0.26782449067609027,1.029689437048209
218,2.025303171059188,-0.4449695297159004,0.2667633325151267,0.6062782245900756,1.6314032826127898,2.292193286555192,-1.235399158113134,0.681796196272828,-1.4026433052397882,-0.935943215108853,5.088014073567323,-0.3230350476129916,0.3722007192536359,-1.4751210208470535,-0.956695818030046,0.28535276826184247,0.8896063667913313,2.8093554058004258,-0.19523045387742724,-0.5766824247124636,-0.48848693833426676,-0.9307047785544778,0.7533979480801438,-0.11409352874950007,-0.842079754673538,0.0,-0.08263496336711869,1.7212057218282855,-0.26782449067609027,0.1872731497815986
219,-1.20963467762814,1.0660232583568094,0.9255949463074598,-1.6957743651766357,2.8638502173156493,0.15899023655842245,-0.7187825951008788,-0.18368852954828638,-0.6239982295841708,-1.3003307060537737,-0.5514396997349208,-1.0845094154756705,-0.7188779532932748,-0.09070430328264184,-1.1755957669923205,-0.8732680623751402,-1.01734287517805,0.9542204955923614,0.4169968287574258,0.47715817782142117,-0.4293713231851895,-0.6689004146891924,0.6727818127376141,-0.11409352874950007,-0.842079754673538,0.0,-0.08263496336711869,0.17850964368945266,-0.26782449067609027,-0.2948644737483487
220,0.15622796959539853,-0.14277097210135842,-1.071394211501831,2.1454551993538655,-1.7124151198985804,0.48048280232061624,-0.5441016489236946,-0.14836326015911783,0.442859103893341,1.5239913710179371,1.5839619033229204,-0.5215429691519595,-0.8607474484963301,0.8480656491514852,-0.12095878089215388,-0.47419002951130684,-1.1312057253407615,-0.24176906940092183,0.23406780944377512,-1.169126494012601,-0.7293590379847944,1.1451870793237948,1.1059648457264206,-0.11409352874950007,-0.842079754673538,0.0,-0.08263496336711869,-1.216260188004105,-0.26782449067609027,0.0336248961291977
221,0.2281154773440058,3.4836117192731457,1.0876234106131235,-0.755251990063079,-0.6047695993147126,-0.13047993382263343,0.8274419972413567,-0.11080253342615973,0.7219882709102962,-0.08330958659741611,-0.5584148285885291,0.2549200384559539,0.4874692852111229,-0.1350116234367171,-0.9854169077164014,2.4190730199751083,0.23115147828846702,0.0769035227303277,-0.1202180457138986,-0.19236204584756358,0.38876010227413144,-0.15715180950846408,-0.05847530443452067,-0.11409352874950007,3.0463186699756872,0.0,-0.08263496336711869,0.7492983478957462,3.733788487660788,-1.2909290146673604
222,0.5875530160870424,-0.4449695297159004,0.8663388048438071,-0.4875248943346063,-0.20073598418929595,1.9071659140462252,1.0231227224601063,0.516385715573945,-1.2315053126502884,0.1806848068744014,-0.411142395596478,0.40775599433494325,-0.20343193238917517,-0.5844374401842329,-0.9888402178287625,0.34540714012509705,-1.0497509971721615,1.395136119192606,-0.3272117999261836,0.07487718810722212,-0.6250138121684862,1.6393692765769265,1.2476420611635242,-0.11409352874950007,-0.842079754673538,0.0,-0.08263496336711869,0.9454575374699946,-0.26782449067609027,-1.1266843297285871
223,1.3783156013217224,-0.4449695297159004,0.7928273339890302,-0.8963694935390014,-1.774196933085198,-0.890993565515279,1.3496971584427135,-0.3771512842578015,-0.35368540845810975,-0.46641490693910376,-0.5575050093941629,-0.4335610065531985,-1.0355843337741293,-0.020374232428652644,2.2768896263404326,-0.07405220267195983,0.16957370788450774,-1.490785102219656,-0.6669966175296861,-0.7527049291254381,1.6396824211659364,0.08327361670295982,-0.732403297241242,-0.11409352874950007,-0.1220062603606018,0.0,-0.08263496336711869,-0.7762163040806959,-0.26782449067609027,0.36741248164993007
224,2.7441782485452606,-0.4449695297159004,-0.9918496835755679,-1.0876066608347679,-0.5521945336509061,-0.7223394506284483,-0.6862503706514687,-0.8110054488177936,0.4849266766203901,1.2290002743548376,-0.5584148285885291,-0.5352844801664659,-0.1604328892143494,-0.24114593275435622,-0.7636249849437126,-0.14183962362716837,-0.7476659778741794,0.3908052144199385,-0.7213441358432647,1.0653866116957227,-0.7640271573221668,-0.3665270559016185,-0.854232718919814,-0.11409352874950007,0.9382614839478174,0.0,-0.08263496336711869,-0.8724723400257697,-0.26782449067609027,-0.9571414291466278
225,-1.7128472318683912,-0.4449695297159004,0.08254556845625381,0.5493297172125506,-1.7685011150333794,-0.7269592244893678,0.18410795255680343,0.1402652758633801,-0.3363117073777494,0.5134055085950061,-0.5584148285885291,0.21804725884055834,0.12107170900634712,0.062073290268495965,1.2772946452834935,0.8812305483176304,-0.4766329379822361,-0.47488177256967173,-0.5572389478642551,-0.12576969436402732,0.31007434668442985,-0.31007692184250835,-0.3955627788008327,-0.11409352874950007,-0.7736439423997116,0.0,-0.08263496336711869,0.032646652504441966,-0.26782449067609027,0.36741248164993007
226,-1.3534096931253545,-0.4449695297159004,0.528701002044069,2.2179989171158963,0.6236921075916152,2.124376867867354,1.14273713506967,0.16340049204126877,-1.1072523912318362,-1.1054387605998062,0.3205765071053294,0.9385511384011629,-0.4041054157503547,-1.2433724448646108,-0.4960764241903103,-0.9042213780240375,0.9341485968344886,0.2143765006407065,-0.1393335043304459,-1.2319201050444126,-0.7599181071605329,-0.031425198067023756,0.044112052856459104,-0.11409352874950007,-0.842079754673538,0.0,-0.08263496336711869,0.012197541594954698,-0.26782449067609027,0.499867872729586
227,0.9469905548300788,2.8792146040440616,-0.40778751015749914,-0.1489699271472489,0.8523214763394048,-1.0127163290952383,-0.5920366226860224,0.0760560095663866,-0.21546501770689283,-1.357657193079448,-0.5584148285885291,0.388514579632278,-0.25557838724871784,-0.5117449231903365,-0.07094566661962025,-0.29166658805145224,-1.1704011694050012,-0.49909842937207805,-0.5284201075967564,-1.0958583626292826,-0.7650287195122593,-0.9083121314534092,-0.7020298049609494,-0.11409352874950007,-0.842079754673538,0.0,-0.08263496336711869,-0.611035625825962,3.733788487660788,1.029689437048209
228,1.3783156013217224,-0.4449695297159004,0.3356464927493152,-0.9115078940054652,-0.25858105894827466,-0.8210772333726412,2.8692219549863074,-0.6009129777823898,-0.018014655442096073,0.26496797734957267,2.2003161870886956,1.824441443924594,1.28123009819777,-0.06907720510592243,-0.846335050196479,0.3101719723066748,1.197935234335018,-0.17582815275668656,-0.07729883280829908,0.20625834935918094,0.21522111691816356,1.682248769220066,2.7119612094692243,-0.11409352874950007,-0.842079754673538,0.0,-0.08263496336711869,0.517149665974,-0.26782449067609027,-1.370402249315154
229,-0.49075960014206704,1.6704203735858936,-0.2450680056851208,1.1530025673289734,-0.4555322856034281,-1.3285176140336958,-0.9819102491822184,-1.3997421934912375,-0.6244471984947298,0.0908291953760783,-0.5073739717845872,0.4852891297109092,-0.5486090684506264,-0.43976089369366356,-0.7464756477498452,0.15552937409050616,-0.9828147477135488,0.5140270492918345,-0.6652007225314864,-0.15724840458997472,-0.7525915534926716,-0.1295479174978043,-0.48358440064108194,-0.11409352874950007,-0.10599037929374104,0.0,-0.08263496336711869,-1.0422300031076048,-0.26782449067609027,-1.2909290146673604
230,-0.49075960014206704,-0.4449695297159004,0.8526114301400529,-0.48066150912202327,-0.9152093836282528,-1.1750743977901827,0.20786713007434426,0.33517271535648774,-1.0532336383079135,1.7277337459269255,-0.14908307885681701,-1.268823824317302,1.1160310962209095,2.207113168634249,-1.1099694656692973,1.287982758909574,-1.3875240462081924,0.8493384998141381,0.24503996332894945,-1.0558249784552014,1.0709261539505812,1.6837097988095393,-0.4501327966760044,-0.11409352874950007,0.13261211710520115,0.0,-0.08263496336711869,1.6771270073578906,-0.26782449067609027,1.691966392446488
231,-0.27509707689624524,-0.4449695297159004,1.4506105016404238,2.3053253534039535,-0.3103168471808453,1.747635949955862,0.17970403105545404,-0.6676115935125466,-0.8031707495773953,0.09800092697287469,-0.38147910549296077,0.6535525298885376,-0.596591543066772,-1.1561953493374226,1.2290790098981261,-1.164142826447096,0.547325382861789,0.2737482687183978,-0.6253242402928564,0.10176159013124199,-0.732666116981012,0.28242721561941997,2.0795312633107192,-0.11409352874950007,-0.842079754673538,0.0,-0.08263496336711869,-0.12394958744444243,-0.26782449067609027,-1.1266843297285871
232,-1.6409597241197837,-0.14277097210135842,-0.7003985177744405,-0.9455944036475277,-0.9813620958385285,-1.0468080754409337,0.5272343423124057,1.4628154638379514,0.15181791545323098,-1.2374408332216102,-0.5492256547254307,-0.3263343299694157,-1.3801261388973751,0.01554049165478333,1.6329553510782386,0.7386172956380843,-0.4791334768086415,-0.6662814083123079,-0.7213441358432647,-0.22484681892852065,-0.7515424982575507,0.952460203714891,-1.2793375191733898,-0.11409352874950007,0.009555540116057712,0.0,-0.08263496336711869,-0.7249406951048568,-0.26782449067609027,-0.2948644737483487
233,0.8751030470814714,-0.14277097210135842,-1.2396403788115269,-0.592148376438246,-0.6417988985208983,-1.1341182942508536,2.0433196990494524,-1.3834545202433084,-0.16292053445689098,-0.8290303616386622,-0.5584148285885291,-1.229347910922688,-0.41252446934883685,0.5099420850319364,1.9523135406786334,-1.0693482220417485,0.8578149274436424,-1.2649602605980177,-0.5463448623443697,-0.9947175123874438,-0.7312918245641145,-0.7669188906896157,-0.2321998381765364,-0.11409352874950007,0.1982914869402206,0.0,-0.08263496336711869,-2.0744786723092323,-0.26782449067609027,0.36741248164993007
234,0.3718904928412204,-0.4449695297159004,-1.0374834884408068,0.5676405397912822,1.0808792952215285,-0.4690963725313056,-0.7109333955260642,-0.7678207321186914,-0.6553060568830403,-0.30648933235028597,-0.5584148285885291,0.5298294415226343,-0.45053834044963553,-0.26103038817886454,0.19244284911273257,0.764155321223975,0.4039532766982898,0.019678833067331345,-0.5509647675481091,-0.9986978082797603,-0.7050912943308552,-1.3648015258538417,-0.8535740879563977,-0.11409352874950007,0.45232487646524855,0.0,-0.08263496336711869,-1.1735913882723052,-0.26782449067609027,1.029689437048209
235,-0.05943455365042336,-0.4449695297159004,-0.6776323376900579,-1.3361383069431023,-0.47142919486868184,-1.2013523392545211,0.5356858175024489,-0.07098846051798757,-0.13799752582735217,-1.263970528377708,0.2587774932376049,-0.4748020360084996,1.0676801876816953,2.305140025927854,-0.07274314550678673,-0.9355593272118021,-0.6050163004333237,0.7234435429889338,-0.07094626153031326,2.532679733377766,-0.6416670379954678,1.0133172867053697,-0.30245867635433205,-0.11409352874950007,0.8860973229483399,0.0,-0.08263496336711869,0.47764477166140173,-0.26782449067609027,1.3581788069257559
236,0.30000298509261314,-0.4449695297159004,0.8329673695288873,1.0224276208379706,0.2619034527859702,0.6791221420302309,0.017773159234467352,0.39762564325254207,1.573535158056212,-0.9950626350337265,0.31542147155005074,1.871812539998131,-0.15465186118576676,-0.8097455790570056,-0.2882313561091927,0.20735707470139977,0.05945594652218562,0.1834880981277004,0.3197133225176069,1.9855068544588637,-0.01465784575275371,-0.6478592257496885,0.30743605059949886,-0.11409352874950007,0.22506959075797162,0.0,-0.08263496336711869,0.5142963346527893,-0.26782449067609027,1.691966392446488
237,-0.2032095691476379,-0.4449695297159004,-1.1379867117913935,-0.1440031423596484,0.06308058635211365,-0.1341850802009796,0.7548303039327044,1.6726320589188575,-1.2352732784164948,-0.17877873587143678,-0.557959918991346,-0.6562625656118243,0.5989527486445261,-0.37108970837733185,-1.0167589993423054,-0.6551032625716071,1.5237475378796537,-0.8707665769425175,-0.5687701615719334,0.00529613375427176,-0.28735329146123145,0.27761858200307504,-1.3556422360997877,-0.11409352874950007,0.601812193679541,0.0,-0.08263496336711869,0.32574151803862245,-0.26782449067609027,0.0336248961291977
238,-0.4188720923934598,-0.4449695297159004,0.35507771298913265,-0.6206996205626335,-0.468274020304677,-0.37577658856754026,1.2944856023248579,-1.2430196500781392,1.14790642747623,-0.24700004165250083,-0.2892398159297303,-1.1346585072933166,0.05506711014492898,-0.1720383477157257,-0.6006686734063719,0.7780324397157369,-0.6733381793666477,-0.7646715364896396,-0.2188532315014912,2.6223375432717875,-0.22385388790269783,-1.201569054778143,0.276832908946759,-0.11409352874950007,-0.22044495487902158,0.0,-0.08263496336711869,-0.8129785213712271,-0.26782449067609027,0.6959018515274767
239,-0.49075960014206704,-0.4449695297159004,1.5751898408154175,-0.9214277301516087,-0.8851677888985598,-0.13930867854652706,-1.194484583553986,0.7785405053129526,0.17837124728561987,1.0167731614329727,0.10981143181524125,1.4519788601431662,-0.9243772441339362,1.3762158572368703,1.0764591662747005,-0.5171853841507411,-0.008740613142924791,-0.28902025071734094,1.3412143327770132,-1.2319201050444126,-0.48684391944739835,0.5833527489853658,1.3610153289856655,-0.11409352874950007,-0.842079754673538,0.0,-0.08263496336711869,0.286667891763712,-0.26782449067609027,1.4376520415735494
240,0.30000298509261314,-0.4449695297159004,0.38792229928094923,-0.5622685964544336,1.6628697667404417,0.3445958832319448,0.6807667504069619,-1.460528227143475,0.7600535067947718,-0.9704575216959996,3.53865430817656,0.9273929654717367,1.0031373334872347,-0.3878948544432541,0.023688125263947563,-0.2798094795532868,-0.21102777300746614,-0.8587469884087704,0.2022817261021898,-0.6910503395946034,0.043175457180556896,1.048735961211809,-0.01421827403757658,-0.11409352874950007,4.961611528411457,0.0,-0.08263496336711869,-0.3652522390203915,-0.26782449067609027,1.1250573186255615
241,1.1626530780759006,0.15942758551318356,-1.170847330215078,-1.1820413257928462,1.3614290608274138,0.2155486832134071,-1.07949407834323,1.8581806221837183,-1.1326365816568067,0.5931847536132149,4.561289263005739,0.29360082480266986,-0.7648409071615544,2.0478807268056434,-1.0136693414268112,0.13368590957795237,0.39815656150083645,0.25640855191470285,5.259984967082703,-1.2319201050444126,-0.32428544633755235,0.32765751344314864,-1.0901781173209435,-0.11409352874950007,0.8256111252315742,0.0,-0.08263496336711869,0.09208176108705238,-0.26782449067609027,-1.6829969722631417
242,0.4437780005898277,-0.4449695297159004,-0.8384802289749061,0.2722003552754425,0.22512781904429743,0.02806551096543259,0.1901575647369103,-0.40372201818154496,-0.9237334412111323,1.988941918887167,-0.5584148285885291,-0.7546537640451033,-0.8640635472075836,-0.07556925144044238,2.0457863000621215,-0.1467978399229349,-0.6695120016280024,0.3223033664656351,-0.3419780118450971,-0.28828556605975925,1.2334473540377469,-0.705215582696704,-0.1616623767622601,-0.11409352874950007,-0.7624298013430233,0.0,-0.08263496336711869,-0.6681929363947418,-0.26782449067609027,0.36741248164993007
243,-1.6409597241197837,-0.4449695297159004,0.7648971489468219,0.1813218161142064,-0.8678134562371959,-1.4391388917016192,-0.5965918720658782,-1.6777579108610607,-0.0849292455150315,-1.2174218388459372,-0.5584148285885291,-0.5944010214288726,0.2657055223524064,-0.7073024994536908,0.29690973767679213,-0.3455795167467432,0.43025252921225765,-0.7914885645432056,0.807548665557385,-1.0751015249791671,-0.7650287195122593,-0.6283031582146736,-0.10047106792147227,-0.11409352874950007,-0.46216594681453244,0.0,-0.08263496336711869,-0.8616681590188552,-0.26782449067609027,0.36741248164993007
244,-0.5626471078906744,1.0660232583568094,-0.9104976709892459,0.4959320642146539,1.023502161570059,-1.0003361748554487,-1.3030763482229575,1.046174019085814,-0.2857311723284698,-0.6963491477671615,1.4746607744077413,2.618631495633574,2.5908918174360536,-0.3140033775574986,0.4094132083468847,0.27241726331259936,3.3393527599753954,0.019217545648212948,2.272204751380255,-0.6858887047677884,0.4033188246975824,1.6602103181301446,-0.02258335369071711,2.2399021337771896,-0.842079754673538,0.0,-0.08263496336711869,1.7347102387644981,-0.26782449067609027,1.1250573186255615
245,-0.7783096311364963,-0.14277097210135842,-0.5191945180906438,0.7302170116947185,1.201677656403239,-0.058683939125443944,-0.3959642665224344,0.33629734092724495,-1.4408510247811122,1.1315779845022023,0.10635593851503855,1.9666669077453234,0.5068096486268087,-1.221147344810454,1.1847206253435885,1.3858729246750976,-1.123888401903036,-0.8284749682183644,0.14649187861006785,-0.36168256085354283,-0.5799242759251996,1.260989947847295,1.395614443363896,-0.11409352874950007,-0.842079754673538,0.0,-0.08263496336711869,-0.19436053306212597,-0.26782449067609027,-0.2948644737483487
246,0.30000298509261314,-0.4449695297159004,-0.4656560429663887,0.4416196816086285,0.21395307626166837,-0.7589822483940644,-0.22264223535301092,-0.30915001675500065,1.1357970613419575,-0.863451329838671,-0.5584148285885291,-0.3263343299694157,0.7443795168906285,0.14507668989105654,0.023688125263947563,-0.4595214303974602,0.5427805893599793,0.12466689030876045,-0.5811688374046629,-0.563031639705548,-0.7223450967652213,-1.4097691302330702,-1.666649961823942,-0.11409352874950007,-0.28375758620623787,0.0,-0.08263496336711869,-0.0015200994499635582,-0.26782449067609027,0.36741248164993007
247,1.1626530780759006,-0.4449695297159004,0.21537039890048734,0.98341774623957,-0.20614809580512886,0.9491853904903038,-0.6205441794530561,3.6530431604157156,-0.7365746637877277,-0.237183490235091,1.1170176727463599,-0.9278693870397242,-0.03073873299237069,-1.228769497679575,0.8031739092231472,0.7896331623300997,-0.746368554862085,-0.4465657602685373,-0.40873710985343636,3.284783384118788,-0.5256709867025737,-0.4788790035761598,-1.0328504658536966,-0.11409352874950007,-0.7053619378857936,0.0,-0.08263496336711869,1.6379120622295373,-0.26782449067609027,-0.4326180804711909
248,0.8032155393328642,-0.4449695297159004,0.2746240526195398,-0.9515031074583603,0.2731710608123644,0.40575122549031334,-0.470539485760843,-0.6599422419775092,0.6716940601619215,1.1750172519430544,-0.49427257538571445,0.6469539651756894,-0.4520319967162289,1.8725168917987738,-0.3620369578189896,0.6328705384575963,-0.45960019379171874,0.1265147048461186,-0.22193725452696061,0.1741107506678947,0.5703801194183483,0.1809318737384821,-1.141916120246636,-0.11409352874950007,-0.28474264714048236,0.0,-0.08263496336711869,-0.3265303275444355,-0.26782449067609027,-0.9571414291466278
249,0.4437780005898277,-0.4449695297159004,-0.9552231726593551,-1.1526495680658424,1.889013587890007,0.6814700546359901,3.8533052806682577,0.09339028721669171,0.45780166546276874,1.1217196397771187,1.1556918121508797,0.9273929654717367,0.309783177594925,-1.1753102237670332,-0.889098461532469,-0.9851986107120816,-0.5095540301249384,-0.05822197922683678,-0.6491037998406,-0.9008885686267092,-0.4432837794895832,0.29412332850550027,0.2434243872530492,-0.11409352874950007,-0.10544427533721253,0.0,-0.08263496336711869,-0.260437300376963,-0.26782449067609027,1.1250573186255615
250,-0.05943455365042336,1.9726189312004354,-1.2628858643555427,1.0835325019672017,-0.7415372921866803,0.3000526700385874,-0.7119380444972597,0.19925531394621931,-0.30914676202514746,0.7177288104806581,0.21148236205686857,-0.7882338598687877,-0.8312698335963127,-0.7420442530162542,0.5598459907492302,1.4639166563930261,-0.4825885264913194,1.658731100075554,-0.015860642308546925,0.3254911310020853,0.17002517220690205,-0.40737959295447873,-0.4051863271956631,-0.11409352874950007,-0.43184767225327303,0.0,-0.08263496336711869,-0.15770449588310045,3.733788487660788,-1.4551736996061335
251,-0.3469845846448525,-0.14277097210135842,-0.11660170378039024,-1.3157911913832183,-0.08881254867952039,-0.1005072794710227,-0.7347507221821051,-0.4351608850617264,-1.1638860585057287,-1.2329856666236003,-0.5584148285885291,0.976882200818098,-0.5681523122785427,-0.20697064894139836,-1.1903352867296273,-0.9000190787941303,2.14295919322614,0.21106301261683696,-0.6237586792319146,-0.5522669036647945,-0.7650287195122593,-0.3929963160858568,-1.237762636337492,-0.11409352874950007,1.3766965521863326,0.0,-0.08263496336711869,-0.6404733797001034,-0.26782449067609027,-0.2948644737483487
252,0.5156655083384349,-0.4449695297159004,-0.4324236449330118,1.1123753386964248,-0.025814387776579923,-0.9830513998779512,-1.1150012500832165,0.6823839413727618,0.8640437013668619,0.7873843232700558,-0.24575546244459665,-1.1346585072933166,-0.9008758015293656,1.076298885570166,0.2949743620724235,0.05860664648063715,-1.5418068088225376,2.1761322283541733,0.054435081686008004,0.614512376561006,-0.3238441818432379,-1.3753572156118141,0.22758827713378357,-0.11409352874950007,-0.2622098103139095,0.0,-0.08263496336711869,0.49772710831110434,-0.26782449067609027,-0.6286520592690813
253,1.3783156013217224,-0.4449695297159004,-1.2341941530496148,0.051388872751262284,-0.7039731141066741,0.4231600710182917,0.18153444449948716,0.8765575077212875,0.6554770937487914,-0.2916958945440737,-0.5584148285885291,-0.2438522710588136,0.23991940261754094,-0.35427951224406157,0.9590714517400702,-0.8973874850597857,-1.0471955517292568,-1.2809758080281717,-0.7201611742915497,-0.9028059578887806,-0.7620228305864115,-1.2745058664784163,-0.16821530070465163,-0.11409352874950007,-0.3023199361969745,0.0,-0.08263496336711869,-0.5720358782103419,-0.26782449067609027,1.3581788069257559
